-- phpMyAdmin SQL Dump
-- version 3.5.2.2
-- http://www.phpmyadmin.net
--
-- Servidor: 127.0.0.1
-- Tiempo de generación: 12-12-2017 a las 01:01:14
-- Versión del servidor: 5.5.27
-- Versión de PHP: 5.4.7

SET SQL_MODE="NO_AUTO_VALUE_ON_ZERO";
SET time_zone = "+00:00";


/*!40101 SET @OLD_CHARACTER_SET_CLIENT=@@CHARACTER_SET_CLIENT */;
/*!40101 SET @OLD_CHARACTER_SET_RESULTS=@@CHARACTER_SET_RESULTS */;
/*!40101 SET @OLD_COLLATION_CONNECTION=@@COLLATION_CONNECTION */;
/*!40101 SET NAMES utf8 */;

--
-- Base de datos: `sae`
--
CREATE DATABASE `sae` DEFAULT CHARACTER SET latin1 COLLATE latin1_swedish_ci;
USE `sae`;

-- --------------------------------------------------------

--
-- Estructura de tabla para la tabla `almacen`
--

CREATE TABLE IF NOT EXISTS `almacen` (
  `id` int(11) NOT NULL AUTO_INCREMENT,
  `rubro_id` int(11) NOT NULL,
  `unidad_educativa_id` int(11) NOT NULL,
  `stock` int(20) NOT NULL,
  PRIMARY KEY (`id`),
  KEY `rubro_id` (`rubro_id`),
  KEY `unidad_educativa_id` (`unidad_educativa_id`)
) ENGINE=InnoDB DEFAULT CHARSET=latin1 COMMENT='es mi tabla M:M entre rubro y Unidad_educativa' AUTO_INCREMENT=1 ;

-- --------------------------------------------------------

--
-- Estructura de tabla para la tabla `auditoria`
--

CREATE TABLE IF NOT EXISTS `auditoria` (
  `id` bigint(20) NOT NULL AUTO_INCREMENT,
  `evento` text NOT NULL COMMENT 'lo que hace el usuario en cierto proceso',
  `fecha` date NOT NULL,
  `hora` time NOT NULL,
  `sesion_id` int(11) NOT NULL,
  PRIMARY KEY (`id`),
  KEY `sesion_id` (`sesion_id`)
) ENGINE=InnoDB  DEFAULT CHARSET=latin1 AUTO_INCREMENT=1052 ;

--
-- Volcado de datos para la tabla `auditoria`
--

INSERT INTO `auditoria` (`id`, `evento`, `fecha`, `hora`, `sesion_id`) VALUES
(331, 'El Usuario:root inicio de sesión.', '2017-10-28', '21:12:17', 193),
(332, 'El Usuario:root cerro sesión.', '2017-10-28', '21:12:39', 193),
(333, 'El Usuario:root inicio de sesión.', '2017-10-28', '21:12:58', 194),
(334, 'El Usuario:root cerro sesión.', '2017-10-28', '21:16:06', 194),
(335, 'El Usuario:root inicio de sesión.', '2017-10-28', '21:17:07', 195),
(336, 'El Usuario:root cerro sesión.', '2017-10-28', '21:17:59', 195),
(337, 'El Usuario:root inicio de sesión.', '2017-10-28', '21:18:00', 196),
(338, 'El Usuario:root cerro sesión.', '2017-10-28', '21:18:17', 196),
(339, 'El Usuario:root inicio de sesión.', '2017-10-29', '00:27:24', 197),
(340, 'El Usuario:root cerro sesión.', '2017-10-29', '00:27:29', 197),
(341, 'El Usuario:root inicio de sesión.', '2017-10-29', '00:31:33', 198),
(342, 'El Usuario:root cerro sesión.', '2017-10-29', '00:31:58', 198),
(343, 'El Usuario:root inicio de sesión.', '2017-10-29', '00:32:41', 199),
(344, 'El Usuario:root cerro sesión.', '2017-10-29', '00:32:52', 199),
(345, 'El Usuario:root inicio de sesión.', '2017-10-29', '00:34:09', 200),
(346, 'El Usuario:root cerro sesión.', '2017-10-29', '00:34:24', 200),
(347, 'El Usuario:root inicio de sesión.', '2017-10-29', '00:34:38', 201),
(348, 'El Usuario:root cerro sesión.', '2017-10-29', '00:34:53', 201),
(349, 'El Usuario:root inicio de sesión.', '2017-10-29', '00:35:47', 202),
(350, 'El Usuario:root inicio de sesión.', '2017-10-29', '01:11:22', 203),
(351, 'El Usuario:root cerro sesión.', '2017-10-29', '01:11:29', 203),
(352, 'El Usuario:root inicio de sesión.', '2017-10-29', '01:13:18', 204),
(353, 'El Usuario:root cerro sesión.', '2017-10-29', '01:13:25', 204),
(354, 'El Usuario:root inicio de sesión.', '2017-10-29', '01:18:09', 205),
(355, 'El Usuario:root cerro sesión.', '2017-10-29', '01:18:18', 205),
(356, 'El Usuario:root inicio de sesión.', '2017-10-29', '01:18:39', 206),
(357, 'El Usuario:root cerro sesión.', '2017-10-29', '01:18:45', 206),
(358, 'El Usuario:root inicio de sesión.', '2017-10-29', '01:25:08', 207),
(359, 'El Usuario:root cerro sesión.', '2017-10-29', '01:25:19', 207),
(360, 'El Usuario:root inicio de sesión.', '2017-10-29', '01:26:04', 208),
(361, 'El Usuario:root cerro sesión.', '2017-10-29', '01:26:26', 208),
(362, 'El Usuario:root inicio de sesión.', '2017-10-29', '01:29:20', 209),
(363, 'El Usuario:root cerro sesión.', '2017-10-29', '01:29:33', 209),
(364, 'El Usuario:root inicio de sesión.', '2017-10-29', '01:29:38', 210),
(365, 'El Usuario:root cerro sesión.', '2017-10-29', '01:01:13', 210),
(366, 'El Usuario:root inicio de sesión.', '2017-10-29', '01:10:07', 211),
(367, 'El Usuario:root cerro sesión.', '2017-10-29', '01:10:19', 211),
(368, 'El Usuario:root inicio de sesión.', '2017-10-29', '01:20:48', 212),
(369, 'El Usuario:root inicio de sesión.', '2017-10-29', '01:21:42', 213),
(370, 'El Usuario:root cerro sesión.', '2017-10-29', '01:22:00', 213),
(371, 'El Usuario:root inicio de sesión.', '2017-10-29', '01:22:39', 214),
(372, 'El Usuario:root cerro sesión.', '2017-10-29', '01:22:58', 214),
(373, 'El Usuario:root inicio de sesión.', '2017-10-29', '01:28:13', 215),
(374, 'El Usuario:root cerro sesión.', '2017-10-29', '01:28:36', 215),
(375, 'El Usuario:root inicio de sesión.', '2017-10-29', '01:28:38', 216),
(376, 'El Usuario:root cerro sesión.', '2017-10-29', '01:28:47', 216),
(377, 'El Usuario:root inicio de sesión.', '2017-10-29', '01:28:56', 217),
(378, 'El Usuario:root cerro sesión.', '2017-10-29', '01:29:01', 217),
(379, 'El Usuario:root inicio de sesión.', '2017-10-29', '01:29:33', 218),
(380, 'El Usuario:root cerro sesión.', '2017-10-29', '01:29:45', 218),
(381, 'El Usuario:root inicio de sesión.', '2017-10-29', '01:29:57', 219),
(382, 'El Usuario:root cerro sesión.', '2017-10-29', '01:30:01', 219),
(383, 'El Usuario:root inicio de sesión.', '2017-10-29', '01:31:58', 220),
(384, 'El Usuario:root cerro sesión.', '2017-10-29', '01:32:12', 220),
(385, 'El Usuario:root inicio de sesión.', '2017-10-29', '01:32:42', 221),
(386, 'El Usuario:root cerro sesión.', '2017-10-29', '01:33:13', 221),
(387, 'El Usuario:root inicio de sesión.', '2017-10-29', '01:34:42', 222),
(388, 'El Usuario:root cerro sesión.', '2017-10-29', '01:34:53', 222),
(389, 'El Usuario:root inicio de sesión.', '2017-10-29', '01:35:02', 223),
(390, 'El Usuario:root cerro sesión.', '2017-10-29', '01:35:38', 223),
(391, 'El Usuario:root inicio de sesión.', '2017-10-29', '01:37:12', 224),
(392, 'El Usuario:root cerro sesión.', '2017-10-29', '01:37:22', 224),
(393, 'El Usuario:root inicio de sesión.', '2017-10-29', '01:43:48', 225),
(394, 'El Usuario:root cerro sesión.', '2017-10-29', '01:44:44', 225),
(395, 'El Usuario:root inicio de sesión.', '2017-10-29', '01:48:14', 226),
(396, 'El Usuario:root cerro sesión.', '2017-10-29', '01:48:36', 226),
(397, 'El Usuario:root inicio de sesión.', '2017-10-29', '01:48:58', 227),
(398, 'El Usuario:root cerro sesión.', '2017-10-29', '01:49:11', 227),
(399, 'El Usuario:root inicio de sesión.', '2017-10-29', '01:50:37', 228),
(400, 'El Usuario:root cerro sesión.', '2017-10-29', '01:50:59', 228),
(401, 'El Usuario:root inicio de sesión.', '2017-10-29', '01:51:16', 229),
(402, 'El Usuario:root cerro sesión.', '2017-10-29', '01:51:43', 229),
(403, 'El Usuario:root inicio de sesión.', '2017-10-29', '01:52:31', 230),
(404, 'El Usuario:root cerro sesión.', '2017-10-29', '01:52:51', 230),
(405, 'El Usuario:root inicio de sesión.', '2017-10-29', '01:54:09', 231),
(406, 'El Usuario:root cerro sesión.', '2017-10-29', '01:54:28', 231),
(407, 'El Usuario:root inicio de sesión.', '2017-10-29', '01:54:58', 232),
(408, 'El Usuario:root cerro sesión.', '2017-10-29', '01:55:18', 232),
(409, 'El Usuario:root inicio de sesión.', '2017-10-29', '01:59:42', 233),
(410, 'El Usuario:root inicio de sesión.', '2017-10-29', '02:00:47', 234),
(411, 'El Usuario:root cerro sesión.', '2017-10-29', '02:03:25', 234),
(412, 'El Usuario:root inicio de sesión.', '2017-10-29', '11:05:13', 235),
(413, 'El Usuario:root cerro sesión.', '2017-10-29', '11:05:32', 235),
(414, 'El Usuario:root inicio de sesión.', '2017-10-29', '11:06:44', 236),
(415, 'El Usuario:root cerro sesión.', '2017-10-29', '11:07:32', 236),
(416, 'El Usuario:root inicio de sesión.', '2017-10-29', '11:09:42', 237),
(417, 'El Usuario:root cerro sesión.', '2017-10-29', '11:10:01', 237),
(418, 'El Usuario:root inicio de sesión.', '2017-10-29', '11:10:15', 238),
(419, 'El Usuario:root cerro sesión.', '2017-10-29', '11:10:26', 238),
(420, 'El Usuario:root inicio de sesión.', '2017-10-29', '11:10:37', 239),
(421, 'El Usuario:root cerro sesión.', '2017-10-29', '11:10:58', 239),
(422, 'El Usuario:root inicio de sesión.', '2017-10-29', '11:23:11', 240),
(423, 'El Usuario:root cerro sesión.', '2017-10-29', '11:24:56', 240),
(424, 'El Usuario:root inicio de sesión.', '2017-10-29', '11:42:40', 241),
(425, 'El Usuario:root cerro sesión.', '2017-10-29', '11:44:21', 241),
(426, 'El Usuario:root inicio de sesión.', '2017-10-29', '11:46:16', 242),
(427, 'El Usuario:root cerro sesión.', '2017-10-29', '11:47:23', 242),
(428, 'El Usuario:root inicio de sesión.', '2017-10-29', '11:52:27', 243),
(429, 'El Usuario:root cerro sesión.', '2017-10-29', '11:54:30', 243),
(430, 'El Usuario:root inicio de sesión.', '2017-10-29', '12:05:04', 244),
(431, 'El Usuario:root cerro sesión.', '2017-10-29', '12:05:26', 244),
(432, 'El Usuario:mich inicio de sesión.', '2017-10-29', '12:05:31', 245),
(433, 'El Usuario:mich cerro sesión.', '2017-10-29', '12:05:56', 245),
(434, 'El Usuario:root inicio de sesión.', '2017-10-29', '12:05:57', 246),
(435, 'El Usuario:root cerro sesión.', '2017-10-29', '12:11:06', 246),
(436, 'El Usuario:root inicio de sesión.', '2017-10-29', '12:18:10', 247),
(437, 'El Usuario:root cerro sesión.', '2017-10-29', '12:18:47', 247),
(438, 'El Usuario:root inicio de sesión.', '2017-10-29', '12:21:56', 248),
(439, 'El Usuario:root cerro sesión.', '2017-10-29', '12:22:23', 248),
(440, 'El Usuario:root inicio de sesión.', '2017-10-29', '12:22:46', 249),
(441, 'El Usuario:root cerro sesión.', '2017-10-29', '12:22:56', 249),
(442, 'El Usuario:root inicio de sesión.', '2017-10-29', '12:23:20', 250),
(443, 'El Usuario:root cerro sesión.', '2017-10-29', '12:23:29', 250),
(444, 'El Usuario:root inicio de sesión.', '2017-10-29', '12:23:40', 251),
(445, 'El Usuario:root cerro sesión.', '2017-10-29', '12:24:43', 251),
(446, 'El Usuario:root inicio de sesión.', '2017-10-29', '12:25:14', 252),
(447, 'El Usuario:root cerro sesión.', '2017-10-29', '12:25:44', 252),
(448, 'El Usuario:root inicio de sesión.', '2017-10-29', '12:38:17', 253),
(449, 'El Usuario:root cerro sesión.', '2017-10-29', '12:38:49', 253),
(450, 'El Usuario:mich inicio de sesión.', '2017-10-29', '12:39:28', 254),
(451, 'El Usuario:mich cerro sesión.', '2017-10-29', '12:40:50', 254),
(452, 'El Usuario:root inicio de sesión.', '2017-10-29', '12:40:51', 255),
(453, 'El Usuario:root cerro sesión.', '2017-10-29', '12:41:02', 255),
(454, 'El Usuario:root inicio de sesión.', '2017-10-29', '12:46:09', 256),
(455, 'El Usuario:root inicio de sesión.', '2017-10-29', '12:47:53', 257),
(456, 'El Usuario:root cerro sesión.', '2017-10-29', '12:48:28', 257),
(457, 'El Usuario:root inicio de sesión.', '2017-10-29', '12:49:03', 258),
(458, 'El Usuario:root cerro sesión.', '2017-10-29', '12:49:47', 258),
(459, 'El Usuario:root inicio de sesión.', '2017-10-29', '12:51:00', 259),
(460, 'El Usuario:root cerro sesión.', '2017-10-29', '12:52:16', 259),
(461, 'El Usuario:root inicio de sesión.', '2017-10-29', '12:52:18', 260),
(462, 'El Usuario:root cerro sesión.', '2017-10-29', '12:52:40', 260),
(463, 'El Usuario:root inicio de sesión.', '2017-10-29', '12:52:41', 261),
(464, 'El Usuario:root cerro sesión.', '2017-10-29', '12:56:19', 261),
(465, 'El Usuario:root inicio de sesión.', '2017-10-29', '12:56:55', 262),
(466, 'El Usuario:root cerro sesión.', '2017-10-29', '12:58:04', 262),
(467, 'El Usuario:root inicio de sesión.', '2017-10-29', '13:07:24', 263),
(468, 'El Usuario:root cerro sesión.', '2017-10-29', '13:08:04', 263),
(469, 'El Usuario:root inicio de sesión.', '2017-10-29', '13:08:05', 264),
(470, 'El Usuario:root cerro sesión.', '2017-10-29', '13:08:19', 264),
(471, 'El Usuario:root inicio de sesión.', '2017-10-29', '13:08:20', 265),
(472, 'El Usuario:root cerro sesión.', '2017-10-29', '13:09:03', 265),
(473, 'El Usuario:root inicio de sesión.', '2017-10-29', '13:10:22', 266),
(474, 'El Usuario:root cerro sesión.', '2017-10-29', '13:11:04', 266),
(475, 'El Usuario:root inicio de sesión.', '2017-10-29', '13:11:42', 267),
(476, 'El Usuario:root cerro sesión.', '2017-10-29', '13:13:14', 267),
(477, 'El Usuario:root inicio de sesión.', '2017-10-29', '13:15:31', 268),
(478, 'El Usuario:root cerro sesión.', '2017-10-29', '13:15:42', 268),
(479, 'El Usuario:root inicio de sesión.', '2017-10-29', '13:16:28', 269),
(480, 'El Usuario:root cerro sesión.', '2017-10-29', '13:16:47', 269),
(481, 'El Usuario:root inicio de sesión.', '2017-10-29', '13:16:48', 270),
(482, 'El Usuario:root cerro sesión.', '2017-10-29', '13:16:56', 270),
(483, 'El Usuario:root inicio de sesión.', '2017-10-29', '13:16:57', 271),
(484, 'El Usuario:root cerro sesión.', '2017-10-29', '13:17:41', 271),
(485, 'El Usuario:root inicio de sesión.', '2017-10-29', '13:19:17', 272),
(486, 'El Usuario:root cerro sesión.', '2017-10-29', '13:20:18', 272),
(487, 'El Usuario:user inicio de sesión.', '2017-10-29', '13:20:25', 273),
(488, 'El Usuario:user cerro sesión.', '2017-10-29', '13:20:28', 273),
(489, 'El Usuario:root inicio de sesión.', '2017-10-29', '13:20:35', 274),
(490, 'El Usuario:root inicio de sesión.', '2017-10-29', '16:15:24', 275),
(491, 'El Usuario:root cerro sesión.', '2017-10-29', '16:16:01', 275),
(492, 'El Usuario:root inicio de sesión.', '2017-10-29', '16:18:44', 276),
(493, 'El Usuario:root cerro sesión.', '2017-10-29', '16:19:03', 276),
(494, 'El Usuario:root inicio de sesión.', '2017-10-29', '16:19:15', 277),
(495, 'El Usuario:root cerro sesión.', '2017-10-29', '16:20:09', 277),
(496, 'El Usuario:root inicio de sesión.', '2017-10-29', '16:21:20', 278),
(497, 'El Usuario:root cerro sesión.', '2017-10-29', '16:21:51', 278),
(498, 'El Usuario:root inicio de sesión.', '2017-10-29', '16:21:52', 279),
(499, 'El Usuario:root cerro sesión.', '2017-10-29', '16:22:26', 279),
(500, 'El Usuario:root inicio de sesión.', '2017-10-29', '16:22:26', 280),
(501, 'El Usuario:root cerro sesión.', '2017-10-29', '16:23:11', 280),
(502, 'El Usuario:root2 inicio de sesión.', '2017-10-29', '16:23:13', 281),
(503, 'El Usuario:root2 cerro sesión.', '2017-10-29', '16:23:43', 281),
(504, 'El Usuario:root inicio de sesión.', '2017-10-29', '16:23:45', 282),
(505, 'El Usuario:root cerro sesión.', '2017-10-29', '16:23:58', 282),
(506, 'El Usuario:root inicio de sesión.', '2017-10-29', '16:23:59', 283),
(507, 'El Usuario:root cerro sesión.', '2017-10-29', '16:24:06', 283),
(508, 'El Usuario:root inicio de sesión.', '2017-10-29', '16:24:07', 284),
(509, 'El Usuario:root cerro sesión.', '2017-10-29', '16:27:06', 284),
(510, 'El Usuario:root inicio de sesión.', '2017-10-29', '16:29:55', 285),
(511, 'El Usuario:root cerro sesión.', '2017-10-29', '16:31:39', 285),
(512, 'El Usuario:root inicio de sesión.', '2017-10-29', '16:31:40', 286),
(513, 'El Usuario:root cerro sesión.', '2017-10-29', '16:31:43', 286),
(514, 'El Usuario:root inicio de sesión.', '2017-10-29', '16:34:55', 287),
(515, 'El Usuario:root cerro sesión.', '2017-10-29', '16:35:19', 287),
(516, 'El Usuario:root inicio de sesión.', '2017-10-29', '16:37:39', 288),
(517, 'El Usuario:root cerro sesión.', '2017-10-29', '16:37:48', 288),
(518, 'El Usuario:root inicio de sesión.', '2017-10-29', '16:37:49', 289),
(519, 'El Usuario:root cerro sesión.', '2017-10-29', '16:38:44', 289),
(520, 'El Usuario:root inicio de sesión.', '2017-10-29', '16:38:45', 290),
(521, 'El Usuario:root cerro sesión.', '2017-10-29', '16:38:50', 290),
(522, 'El Usuario:mich inicio de sesión.', '2017-10-29', '16:38:52', 291),
(523, 'El Usuario:mich cerro sesión.', '2017-10-29', '16:39:40', 291),
(524, 'El Usuario:root inicio de sesión.', '2017-10-29', '16:39:40', 292),
(525, 'El Usuario:root cerro sesión.', '2017-10-29', '16:39:47', 292),
(526, 'El Usuario:root inicio de sesión.', '2017-10-29', '16:42:07', 293),
(527, 'El Usuario:root cerro sesión.', '2017-10-29', '16:43:20', 293),
(528, 'El Usuario:root2 inicio de sesión.', '2017-10-29', '16:43:23', 294),
(529, 'El Usuario:root2 cerro sesión.', '2017-10-29', '16:43:36', 294),
(530, 'El Usuario:root inicio de sesión.', '2017-10-29', '16:43:37', 295),
(531, 'El Usuario:root cerro sesión.', '2017-10-29', '16:44:40', 295),
(532, 'El Usuario:root inicio de sesión.', '2017-10-30', '00:55:52', 296),
(533, 'El Usuario:root cerro sesión.', '2017-10-30', '00:55:56', 296),
(534, 'El Usuario:root inicio de sesión.', '2017-10-30', '01:04:57', 297),
(535, 'El Usuario:root cerro sesión.', '2017-10-30', '01:05:42', 297),
(536, 'El Usuario:root inicio de sesión.', '2017-10-30', '01:05:44', 298),
(537, 'El Usuario:root cerro sesión.', '2017-10-30', '01:05:46', 298),
(538, 'El Usuario:root inicio de sesión.', '2017-10-30', '01:06:40', 299),
(539, 'El Usuario:root cerro sesión.', '2017-10-30', '01:07:05', 299),
(540, 'El Usuario:root inicio de sesión.', '2017-10-30', '01:07:11', 300),
(541, 'El Usuario:root cerro sesión.', '2017-10-30', '01:07:32', 300),
(542, 'El Usuario:root inicio de sesión.', '2017-10-30', '01:08:10', 301),
(543, 'El Usuario:root cerro sesión.', '2017-10-30', '01:08:53', 301),
(544, 'El Usuario:root inicio de sesión.', '2017-10-30', '01:08:57', 302),
(545, 'El Usuario:root cerro sesión.', '2017-10-30', '01:09:13', 302),
(546, 'El Usuario:root inicio de sesión.', '2017-10-30', '01:09:52', 303),
(547, 'El Usuario:root cerro sesión.', '2017-10-30', '01:10:18', 303),
(548, 'El Usuario:root inicio de sesión.', '2017-10-30', '01:10:18', 304),
(549, 'El Usuario:root cerro sesión.', '2017-10-30', '01:10:24', 304),
(550, 'El Usuario:root inicio de sesión.', '2017-10-30', '01:10:37', 305),
(551, 'El Usuario:root cerro sesión.', '2017-10-30', '01:10:56', 305),
(552, 'El Usuario:root inicio de sesión.', '2017-10-30', '01:10:58', 306),
(553, 'El Usuario:root cerro sesión.', '2017-10-30', '01:11:00', 306),
(554, 'El Usuario:root inicio de sesión.', '2017-10-30', '01:13:40', 307),
(555, 'El Usuario:root cerro sesión.', '2017-10-30', '01:13:44', 307),
(556, 'El Usuario:root inicio de sesión.', '2017-10-30', '01:13:45', 308),
(557, 'El Usuario:root cerro sesión.', '2017-10-30', '01:13:47', 308),
(558, 'El Usuario:root inicio de sesión.', '2017-10-30', '01:14:02', 309),
(559, 'El Usuario:root cerro sesión.', '2017-10-30', '01:14:24', 309),
(560, 'El Usuario:root inicio de sesión.', '2017-10-30', '01:14:25', 310),
(561, 'El Usuario:root cerro sesión.', '2017-10-30', '01:14:49', 310),
(562, 'El Usuario:root inicio de sesión.', '2017-10-30', '01:15:09', 311),
(563, 'El Usuario:root cerro sesión.', '2017-10-30', '01:15:12', 311),
(564, 'El Usuario:root inicio de sesión.', '2017-10-30', '01:17:40', 312),
(565, 'El Usuario:root cerro sesión.', '2017-10-30', '01:17:43', 312),
(566, 'El Usuario:root inicio de sesión.', '2017-10-30', '01:18:36', 313),
(567, 'El Usuario:root cerro sesión.', '2017-10-30', '01:18:56', 313),
(568, 'El Usuario:root inicio de sesión.', '2017-10-30', '01:31:36', 314),
(569, 'El Usuario:root cerro sesión.', '2017-10-30', '01:32:24', 314),
(570, 'El Usuario:root inicio de sesión.', '2017-10-30', '13:18:09', 315),
(571, 'El Usuario:root cerro sesión.', '2017-10-30', '13:18:15', 315),
(572, 'El Usuario:root inicio de sesión.', '2017-10-30', '13:18:25', 316),
(573, 'El Usuario:root inicio de sesión.', '2017-10-30', '13:55:55', 317),
(574, 'El Usuario:root cerro sesión.', '2017-10-30', '13:56:02', 317),
(575, 'El Usuario:root inicio de sesión.', '2017-10-30', '14:06:43', 318),
(576, 'El Usuario:root cerro sesión.', '2017-10-30', '14:08:12', 318),
(577, 'El Usuario:root inicio de sesión.', '2017-10-30', '14:08:26', 319),
(578, 'El Usuario:root cerro sesión.', '2017-10-30', '14:08:46', 319),
(579, 'El Usuario:root inicio de sesión.', '2017-10-30', '14:18:50', 320),
(580, 'El Usuario:root cerro sesión.', '2017-10-30', '14:19:37', 320),
(581, 'El Usuario:root inicio de sesión.', '2017-10-30', '14:19:38', 321),
(582, 'El Usuario:root cerro sesión.', '2017-10-30', '14:19:48', 321),
(583, 'El Usuario:root inicio de sesión.', '2017-10-30', '14:19:49', 322),
(584, 'El Usuario:root cerro sesión.', '2017-10-30', '14:20:30', 322),
(585, 'El Usuario:root inicio de sesión.', '2017-10-30', '14:26:16', 323),
(586, 'El Usuario:root cerro sesión.', '2017-10-30', '14:26:42', 323),
(587, 'El Usuario:root inicio de sesión.', '2017-10-30', '14:30:14', 324),
(588, 'El Usuario:root cerro sesión.', '2017-10-30', '14:30:31', 324),
(589, 'El Usuario:root inicio de sesión.', '2017-10-30', '14:31:29', 325),
(590, 'El Usuario:root cerro sesión.', '2017-10-30', '14:31:41', 325),
(591, 'El Usuario:root inicio de sesión.', '2017-10-30', '14:33:55', 326),
(592, 'El Usuario:root inicio de sesión.', '2017-10-30', '14:34:58', 327),
(593, 'El Usuario:root cerro sesión.', '2017-10-30', '14:35:26', 327),
(594, 'El Usuario:root inicio de sesión.', '2017-10-30', '14:36:16', 328),
(595, 'El Usuario:root cerro sesión.', '2017-10-30', '14:37:05', 328),
(596, 'El Usuario:root inicio de sesión.', '2017-10-30', '14:37:06', 329),
(597, 'El Usuario:root cerro sesión.', '2017-10-30', '14:37:09', 329),
(598, 'El Usuario:root inicio de sesión.', '2017-10-30', '14:37:13', 330),
(599, 'El Usuario:root cerro sesión.', '2017-10-30', '14:37:32', 330),
(600, 'El Usuario:root inicio de sesión.', '2017-10-30', '14:38:04', 331),
(601, 'El Usuario:root inicio de sesión.', '2017-10-30', '14:44:48', 332),
(602, 'El Usuario:root cerro sesión.', '2017-10-30', '14:45:10', 332),
(603, 'El Usuario:root inicio de sesión.', '2017-10-30', '14:55:56', 333),
(604, 'El Usuario:root cerro sesión.', '2017-10-30', '14:56:30', 333),
(605, 'El Usuario:root inicio de sesión.', '2017-10-30', '15:25:08', 334),
(606, 'El Usuario:root cerro sesión.', '2017-10-30', '15:25:16', 334),
(607, 'El Usuario:root inicio de sesión.', '2017-10-30', '15:26:14', 335),
(608, 'El Usuario:root cerro sesión.', '2017-10-30', '15:26:28', 335),
(609, 'El Usuario:root inicio de sesión.', '2017-10-30', '15:27:38', 336),
(610, 'El Usuario:root cerro sesión.', '2017-10-30', '15:28:05', 336),
(611, 'El Usuario:root inicio de sesión.', '2017-10-30', '15:28:21', 337),
(612, 'El Usuario:root cerro sesión.', '2017-10-30', '15:30:15', 337),
(613, 'El Usuario:root inicio de sesión.', '2017-10-30', '15:36:52', 338),
(614, 'El Usuario:root cerro sesión.', '2017-10-30', '15:37:08', 338),
(615, 'El Usuario:root inicio de sesión.', '2017-10-30', '15:38:36', 339),
(616, 'El Usuario:root cerro sesión.', '2017-10-30', '15:38:59', 339),
(617, 'El Usuario:root inicio de sesión.', '2017-10-30', '15:45:11', 340),
(618, 'El Usuario:root cerro sesión.', '2017-10-30', '15:46:44', 340),
(619, 'El Usuario:root inicio de sesión.', '2017-10-30', '15:47:43', 341),
(620, 'El Usuario:root cerro sesión.', '2017-10-30', '15:48:03', 341),
(621, 'El Usuario:root inicio de sesión.', '2017-10-30', '15:48:58', 342),
(622, 'El Usuario:root cerro sesión.', '2017-10-30', '15:49:09', 342),
(623, 'El Usuario:root inicio de sesión.', '2017-10-30', '15:50:00', 343),
(624, 'El Usuario:root cerro sesión.', '2017-10-30', '15:55:26', 343),
(625, 'El Usuario:root inicio de sesión.', '2017-10-30', '16:07:24', 344),
(626, 'El Usuario:root cerro sesión.', '2017-10-30', '16:08:05', 344),
(627, 'El Usuario:root inicio de sesión.', '2017-10-30', '16:24:06', 345),
(628, 'El Usuario:root cerro sesión.', '2017-10-30', '16:26:36', 345),
(629, 'El Usuario:root inicio de sesión.', '2017-10-30', '16:26:55', 346),
(630, 'El Usuario:root cerro sesión.', '2017-10-30', '16:27:33', 346),
(631, 'El Usuario:root inicio de sesión.', '2017-10-30', '21:29:43', 347),
(632, 'El Usuario:root cerro sesión.', '2017-10-30', '21:29:49', 347),
(633, 'El Usuario:root inicio de sesión.', '2017-10-30', '21:33:08', 348),
(634, 'El Usuario:root cerro sesión.', '2017-10-30', '21:33:21', 348),
(635, 'El Usuario:root inicio de sesión.', '2017-10-30', '22:00:18', 349),
(636, 'El Usuario:root cerro sesión.', '2017-10-30', '22:00:36', 349),
(637, 'El Usuario:root inicio de sesión.', '2017-10-30', '22:01:38', 350),
(638, 'El Usuario:root cerro sesión.', '2017-10-30', '22:01:45', 350),
(639, 'El Usuario:root inicio de sesión.', '2017-10-30', '22:01:57', 351),
(640, 'El Usuario:root cerro sesión.', '2017-10-30', '22:02:05', 351),
(641, 'El Usuario:root inicio de sesión.', '2017-10-30', '22:02:34', 352),
(642, 'El Usuario:root cerro sesión.', '2017-10-30', '22:02:45', 352),
(643, 'El Usuario:root inicio de sesión.', '2017-10-30', '22:03:11', 353),
(644, 'El Usuario:root cerro sesión.', '2017-10-30', '22:03:22', 353),
(645, 'El Usuario:root inicio de sesión.', '2017-10-30', '22:04:12', 354),
(646, 'El Usuario:root cerro sesión.', '2017-10-30', '22:04:33', 354),
(647, 'El Usuario:root inicio de sesión.', '2017-10-30', '22:11:44', 355),
(648, 'El Usuario:root cerro sesión.', '2017-10-30', '22:12:03', 355),
(649, 'El Usuario:root inicio de sesión.', '2017-10-30', '22:12:51', 356),
(650, 'El Usuario:root cerro sesión.', '2017-10-30', '22:13:12', 356),
(651, 'El Usuario:root inicio de sesión.', '2017-10-30', '22:14:25', 357),
(652, 'El Usuario:root cerro sesión.', '2017-10-30', '22:14:50', 357),
(653, 'El Usuario:root inicio de sesión.', '2017-10-30', '22:15:33', 358),
(654, 'El Usuario:root cerro sesión.', '2017-10-30', '22:17:55', 358),
(655, 'El Usuario:root inicio de sesión.', '2017-10-30', '22:40:01', 359),
(656, 'El Usuario:root cerro sesión.', '2017-10-30', '22:40:40', 359),
(657, 'El Usuario:root inicio de sesión.', '2017-10-30', '22:40:57', 360),
(658, 'El Usuario:root cerro sesión.', '2017-10-30', '22:41:22', 360),
(659, 'El Usuario:root inicio de sesión.', '2017-10-30', '22:42:27', 361),
(660, 'El Usuario:root cerro sesión.', '2017-10-30', '22:42:36', 361),
(661, 'El Usuario:root inicio de sesión.', '2017-10-30', '22:42:43', 362),
(662, 'El Usuario:root cerro sesión.', '2017-10-30', '22:43:18', 362),
(663, 'El Usuario:root inicio de sesión.', '2017-10-30', '22:54:52', 363),
(664, 'El Usuario:root cerro sesión.', '2017-10-30', '22:56:00', 363),
(665, 'El Usuario:root inicio de sesión.', '2017-10-30', '22:56:12', 364),
(666, 'El Usuario:root cerro sesión.', '2017-10-30', '22:56:24', 364),
(667, 'El Usuario:root inicio de sesión.', '2017-10-30', '22:57:43', 365),
(668, 'El Usuario:root cerro sesión.', '2017-10-30', '22:58:48', 365),
(669, 'El Usuario:root inicio de sesión.', '2017-10-30', '23:00:24', 366),
(670, 'El Usuario:root cerro sesión.', '2017-10-30', '23:00:42', 366),
(671, 'El Usuario:root inicio de sesión.', '2017-10-30', '23:01:57', 367),
(672, 'El Usuario:root cerro sesión.', '2017-10-30', '23:02:41', 367),
(673, 'El Usuario:root inicio de sesión.', '2017-10-30', '23:03:32', 368),
(674, 'El Usuario:root cerro sesión.', '2017-10-30', '23:03:50', 368),
(675, 'El Usuario:root inicio de sesión.', '2017-10-30', '23:04:00', 369),
(676, 'El Usuario:root cerro sesión.', '2017-10-30', '23:04:20', 369),
(677, 'El Usuario:root inicio de sesión.', '2017-10-30', '23:06:24', 370),
(678, 'El Usuario:root cerro sesión.', '2017-10-30', '23:07:58', 370),
(679, 'El Usuario:root inicio de sesión.', '2017-10-30', '23:25:33', 371),
(680, 'El Usuario:root cerro sesión.', '2017-10-30', '23:25:55', 371),
(681, 'El Usuario:root inicio de sesión.', '2017-10-30', '23:26:17', 372),
(682, 'El Usuario:root cerro sesión.', '2017-10-30', '23:26:29', 372),
(683, 'El Usuario:root inicio de sesión.', '2017-10-30', '23:26:42', 373),
(684, 'El Usuario:root cerro sesión.', '2017-10-30', '23:27:58', 373),
(685, 'El Usuario:root inicio de sesión.', '2017-10-30', '23:52:38', 374),
(686, 'El Usuario:root cerro sesión.', '2017-10-31', '00:14:33', 374),
(687, 'El Usuario:root inicio de sesión.', '2017-10-31', '00:15:08', 375),
(688, 'El Usuario:root cerro sesión.', '2017-10-31', '00:15:20', 375),
(689, 'El Usuario:root inicio de sesión.', '2017-10-31', '00:15:28', 376),
(690, 'El Usuario:root cerro sesión.', '2017-10-31', '00:15:36', 376),
(691, 'El Usuario:root inicio de sesión.', '2017-10-31', '00:15:51', 377),
(692, 'El Usuario:root cerro sesión.', '2017-10-31', '00:16:17', 377),
(693, 'El Usuario:root inicio de sesión.', '2017-10-31', '00:30:39', 378),
(694, 'El Usuario:root cerro sesión.', '2017-10-31', '00:31:52', 378),
(695, 'El Usuario:root inicio de sesión.', '2017-10-31', '00:41:41', 379),
(696, 'El Usuario:root cerro sesión.', '2017-10-31', '00:41:52', 379),
(697, 'El Usuario:root inicio de sesión.', '2017-10-31', '00:43:11', 380),
(698, 'El Usuario:root cerro sesión.', '2017-10-31', '00:44:06', 380),
(699, 'El Usuario:root inicio de sesión.', '2017-10-31', '00:45:54', 381),
(700, 'El Usuario:root cerro sesión.', '2017-10-31', '00:46:10', 381),
(701, 'El Usuario:root inicio de sesión.', '2017-10-31', '00:46:21', 382),
(702, 'El Usuario:root cerro sesión.', '2017-10-31', '00:46:40', 382),
(703, 'El Usuario:root inicio de sesión.', '2017-10-31', '00:46:58', 383),
(704, 'El Usuario:root cerro sesión.', '2017-10-31', '00:47:11', 383),
(705, 'El Usuario:root inicio de sesión.', '2017-10-31', '00:57:03', 384),
(706, 'El Usuario:root cerro sesión.', '2017-10-31', '00:57:35', 384),
(707, 'El Usuario:root inicio de sesión.', '2017-10-31', '00:57:58', 385),
(708, 'El Usuario:root cerro sesión.', '2017-10-31', '00:58:02', 385),
(709, 'El Usuario:root inicio de sesión.', '2017-10-31', '00:58:11', 386),
(710, 'El Usuario:root cerro sesión.', '2017-10-31', '00:58:28', 386),
(711, 'El Usuario:root inicio de sesión.', '2017-10-31', '00:59:11', 387),
(712, 'El Usuario:root cerro sesión.', '2017-10-31', '00:59:30', 387),
(713, 'El Usuario:root inicio de sesión.', '2017-10-31', '01:01:43', 388),
(714, 'El Usuario:root cerro sesión.', '2017-10-31', '01:02:04', 388),
(715, 'El Usuario:mich inicio de sesión.', '2017-10-31', '01:02:36', 389),
(716, 'El Usuario:mich cerro sesión.', '2017-10-31', '01:03:45', 389),
(717, 'El Usuario:root inicio de sesión.', '2017-10-31', '01:09:18', 390),
(718, 'El Usuario:root cerro sesión.', '2017-10-31', '01:09:33', 390),
(719, 'El Usuario:mich inicio de sesión.', '2017-10-31', '01:09:38', 391),
(720, 'El Usuario:mich cerro sesión.', '2017-10-31', '01:09:48', 391),
(721, 'El Usuario:root inicio de sesión.', '2017-10-31', '01:20:52', 392),
(722, 'El Usuario:root cerro sesión.', '2017-10-31', '01:20:59', 392),
(723, 'El Usuario:mich inicio de sesión.', '2017-10-31', '01:21:05', 393),
(724, 'El Usuario:mich cerro sesión.', '2017-10-31', '01:21:12', 393),
(725, 'El Usuario:mich inicio de sesión.', '2017-10-31', '01:22:04', 394),
(726, 'El Usuario:mich cerro sesión.', '2017-10-31', '01:22:15', 394),
(727, 'El Usuario:root inicio de sesión.', '2017-10-31', '01:25:19', 395),
(728, 'El Usuario:root cerro sesión.', '2017-10-31', '01:25:23', 395),
(729, 'El Usuario:root inicio de sesión.', '2017-10-31', '01:26:45', 396),
(730, 'El Usuario:root cerro sesión.', '2017-10-31', '01:26:49', 396),
(731, 'El Usuario:mich inicio de sesión.', '2017-10-31', '01:26:54', 397),
(732, 'El Usuario:mich cerro sesión.', '2017-10-31', '01:26:57', 397),
(733, 'El Usuario:root inicio de sesión.', '2017-10-31', '01:27:05', 398),
(734, 'El Usuario:root cerro sesión.', '2017-10-31', '01:27:08', 398),
(735, 'El Usuario:mich inicio de sesión.', '2017-10-31', '01:27:13', 399),
(736, 'El Usuario:mich cerro sesión.', '2017-10-31', '01:27:33', 399),
(737, 'El Usuario:root inicio de sesión.', '2017-10-31', '01:29:29', 400),
(738, 'El Usuario:root cerro sesión.', '2017-10-31', '01:29:43', 400),
(739, 'El Usuario:mich inicio de sesión.', '2017-10-31', '01:29:48', 401),
(740, 'El Usuario:mich cerro sesión.', '2017-10-31', '01:30:30', 401),
(741, 'El Usuario:root inicio de sesión.', '2017-10-31', '13:15:18', 402),
(742, 'El Usuario:root cerro sesión.', '2017-10-31', '13:15:27', 402),
(743, 'El Usuario:root inicio de sesión.', '2017-10-31', '13:18:32', 403),
(744, 'El Usuario:root cerro sesión.', '2017-10-31', '13:20:02', 403),
(745, 'El Usuario:root2 inicio de sesión.', '2017-10-31', '13:20:30', 404),
(746, 'El Usuario:root2 cerro sesión.', '2017-10-31', '13:20:42', 404),
(747, 'El Usuario:mich inicio de sesión.', '2017-10-31', '13:20:48', 405),
(748, 'El Usuario:mich cerro sesión.', '2017-10-31', '13:21:13', 405),
(749, 'El Usuario:root inicio de sesión.', '2017-10-31', '13:21:15', 406),
(750, 'El Usuario:root cerro sesión.', '2017-10-31', '13:21:53', 406),
(751, 'El Usuario:root inicio de sesión.', '2017-11-01', '13:08:47', 407),
(752, 'El Usuario:root cerro sesión.', '2017-11-01', '13:08:55', 407),
(753, 'El Usuario:root inicio de sesión.', '2017-11-01', '13:10:11', 408),
(754, 'El Usuario:root cerro sesión.', '2017-11-01', '13:10:17', 408),
(755, 'El Usuario:root inicio de sesión.', '2017-11-01', '13:11:23', 409),
(756, 'El Usuario:root inicio de sesión.', '2017-11-01', '13:12:16', 410),
(757, 'El Usuario:root cerro sesión.', '2017-11-01', '13:12:50', 410),
(758, 'El Usuario:root inicio de sesión.', '2017-11-01', '13:19:54', 411),
(759, 'El Usuario:root cerro sesión.', '2017-11-01', '13:20:12', 411),
(760, 'El Usuario:root inicio de sesión.', '2017-11-01', '13:20:23', 412),
(761, 'El Usuario:root cerro sesión.', '2017-11-01', '13:20:39', 412),
(762, 'El Usuario:root inicio de sesión.', '2017-11-01', '13:20:49', 413),
(763, 'El Usuario:root cerro sesión.', '2017-11-01', '13:21:18', 413),
(764, 'El Usuario:root inicio de sesión.', '2017-11-01', '13:30:12', 414),
(765, 'El Usuario:root registro del rubro MAICINA en el sistema.', '2017-11-01', '13:30:30', 414),
(766, 'El Usuario:root registro del rubro SALSA DE TOMATE en el sistema.', '2017-11-01', '13:30:50', 414),
(767, 'El Usuario:root cerro sesión.', '2017-11-01', '13:33:15', 414),
(768, 'El Usuario:root inicio de sesión.', '2017-11-01', '13:35:15', 415),
(769, 'El Usuario:root cerro sesión.', '2017-11-01', '13:36:16', 415),
(770, 'El Usuario:root inicio de sesión.', '2017-11-01', '13:36:44', 416),
(771, 'El Usuario:root cerro sesión.', '2017-11-01', '13:37:18', 416),
(772, 'El Usuario:root inicio de sesión.', '2017-11-01', '13:38:16', 417),
(773, 'El Usuario:root cerro sesión.', '2017-11-01', '13:38:47', 417),
(774, 'El Usuario:root inicio de sesión. y por lo tanto esta es una prueba para ver como se ve el texto en eldialg de los eventos en auditoria, con esta prueba se puede ver el alcanse maximo del texto que se desea.', '2017-11-01', '13:40:12', 418),
(775, 'El Usuario:root cerro sesión.', '2017-11-01', '13:40:48', 418),
(776, 'El Usuario:root inicio de sesión.', '2017-11-01', '13:45:22', 419),
(777, 'El Usuario:root cerro sesión.', '2017-11-01', '13:45:31', 419),
(778, 'El Usuario:root inicio de sesión.', '2017-11-01', '13:48:39', 420),
(779, 'El Usuario:root cerro sesión.', '2017-11-01', '13:49:45', 420),
(780, 'El Usuario:root inicio de sesión.', '2017-11-01', '19:29:51', 421),
(781, 'El Usuario:root registro del rubro 6T6T7 en el sistema.', '2017-11-01', '19:29:57', 421),
(782, 'El Usuario:root cerro sesión.', '2017-11-01', '19:30:03', 421),
(783, 'El Usuario:root inicio de sesión.', '2017-11-01', '20:10:43', 422),
(784, 'El Usuario:root cerro sesión.', '2017-11-01', '20:10:54', 422),
(785, 'El Usuario:root inicio de sesión.', '2017-11-01', '20:24:43', 423),
(786, 'El Usuario:root cerro sesión.', '2017-11-01', '20:24:51', 423),
(787, 'El Usuario:root inicio de sesión.', '2017-11-01', '20:33:06', 424),
(788, 'El Usuario:root cerro sesión.', '2017-11-01', '20:33:13', 424),
(789, 'El Usuario:root inicio de sesión.', '2017-11-01', '20:42:19', 425),
(790, 'El Usuario:root inicio de sesión.', '2017-11-01', '20:43:06', 426),
(791, 'El Usuario:root inicio de sesión.', '2017-11-01', '20:43:37', 427),
(792, 'El Usuario:root cerro sesión.', '2017-11-01', '20:44:01', 427),
(793, 'El Usuario:root inicio de sesión.', '2017-11-01', '20:44:20', 428),
(794, 'El Usuario:root cerro sesión.', '2017-11-01', '20:44:37', 428),
(795, 'El Usuario:root inicio de sesión.', '2017-11-01', '20:44:40', 429),
(796, 'El Usuario:root cerro sesión.', '2017-11-01', '20:47:32', 429),
(797, 'El Usuario:root inicio de sesión.', '2017-11-01', '20:47:33', 430),
(798, 'El Usuario:root cerro sesión.', '2017-11-01', '20:47:52', 430),
(799, 'El Usuario:root inicio de sesión.', '2017-11-01', '20:52:45', 431),
(800, 'El Usuario:root cerro sesión.', '2017-11-01', '20:52:53', 431),
(801, 'El Usuario:root inicio de sesión.', '2017-11-01', '20:53:44', 432),
(802, 'El Usuario:root cerro sesión.', '2017-11-01', '20:55:07', 432),
(803, 'El Usuario:root inicio de sesión.', '2017-11-01', '22:22:23', 433),
(804, 'El Usuario:root cerro sesión.', '2017-11-01', '22:23:16', 433),
(805, 'El Usuario:root inicio de sesión.', '2017-11-01', '22:23:22', 434),
(806, 'El Usuario:root cerro sesión.', '2017-11-01', '22:23:37', 434),
(807, 'El Usuario:root inicio de sesión.', '2017-11-01', '22:24:16', 435),
(808, 'El Usuario:root cerro sesión.', '2017-11-01', '22:24:45', 435),
(809, 'El Usuario:root inicio de sesión.', '2017-11-01', '22:24:51', 436),
(810, 'El Usuario:root cerro sesión.', '2017-11-01', '22:25:12', 436),
(811, 'El Usuario:root inicio de sesión.', '2017-11-01', '22:25:21', 437),
(812, 'El Usuario:root inicio de sesión.', '2017-11-01', '22:29:14', 438),
(813, 'El Usuario:root cerro sesión.', '2017-11-01', '22:29:33', 438),
(814, 'El Usuario:root inicio de sesión.', '2017-11-01', '22:29:35', 439),
(815, 'El Usuario:root cerro sesión.', '2017-11-01', '22:30:05', 439),
(816, 'El Usuario:root inicio de sesión.', '2017-11-01', '22:34:55', 440),
(817, 'El Usuario:root cerro sesión.', '2017-11-01', '22:35:26', 440),
(818, 'El Usuario:root inicio de sesión.', '2017-11-01', '22:37:12', 441),
(819, 'El Usuario:root cerro sesión.', '2017-11-01', '22:37:19', 441),
(820, 'El Usuario:root inicio de sesión.', '2017-11-01', '22:37:39', 442),
(821, 'El Usuario:root cerro sesión.', '2017-11-01', '22:38:27', 442),
(822, 'El Usuario:root inicio de sesión.', '2017-11-01', '22:40:05', 443),
(823, 'El Usuario:root cerro sesión.', '2017-11-01', '22:41:02', 443),
(824, 'El Usuario:root inicio de sesión.', '2017-11-01', '22:41:49', 444),
(825, 'El Usuario:root cerro sesión.', '2017-11-01', '22:42:03', 444),
(826, 'El Usuario:root inicio de sesión.', '2017-11-01', '22:42:44', 445),
(827, 'El Usuario:root cerro sesión.', '2017-11-01', '22:44:05', 445),
(828, 'El Usuario:root inicio de sesión.', '2017-11-15', '20:00:36', 446),
(829, 'El Usuario:root cerro sesión.', '2017-11-15', '20:00:52', 446),
(830, 'El Usuario:root inicio de sesión.', '2017-11-15', '20:01:04', 447),
(831, 'El Usuario:root inicio de sesión.', '2017-11-15', '20:02:26', 448),
(832, 'El Usuario:root cerro sesión.', '2017-11-15', '20:02:49', 448),
(833, 'El Usuario:root inicio de sesión.', '2017-11-15', '20:03:01', 449),
(834, 'El Usuario:root cerro sesión.', '2017-11-15', '20:03:46', 449),
(835, 'El Usuario:root inicio de sesión.', '2017-11-15', '20:05:29', 450),
(836, 'El Usuario:root cerro sesión.', '2017-11-15', '20:05:34', 450),
(837, 'El Usuario:root inicio de sesión.', '2017-11-15', '20:09:13', 451),
(838, 'El Usuario:root inicio de sesión.', '2017-11-15', '20:09:52', 452),
(839, 'El Usuario:root inicio de sesión.', '2017-11-15', '20:31:22', 453),
(840, 'El Usuario:root cerro sesión.', '2017-11-15', '20:31:57', 453),
(841, 'El Usuario:root inicio de sesión.', '2017-11-15', '20:36:14', 454),
(842, 'El Usuario:root inicio de sesión.', '2017-11-15', '20:38:30', 455),
(843, 'El Usuario:root inicio de sesión.', '2017-11-15', '20:39:42', 456),
(844, 'El Usuario:root inicio de sesión.', '2017-11-15', '20:40:51', 457),
(845, 'El Usuario:root inicio de sesión.', '2017-11-15', '20:43:54', 458),
(846, 'El Usuario:root inicio de sesión.', '2017-11-15', '20:44:31', 459),
(847, 'El Usuario:root inicio de sesión.', '2017-11-15', '20:45:33', 460),
(848, 'El Usuario:root cerro sesión.', '2017-11-15', '20:45:39', 460),
(849, 'El Usuario:root inicio de sesión.', '2017-11-15', '20:46:29', 461),
(850, 'El Usuario:root cerro sesión.', '2017-11-15', '20:46:47', 461),
(851, 'El Usuario:root inicio de sesión.', '2017-11-15', '20:47:09', 462),
(852, 'El Usuario:root cerro sesión.', '2017-11-15', '20:47:23', 462),
(853, 'El Usuario:root inicio de sesión.', '2017-11-15', '20:48:11', 463),
(854, 'El Usuario:root cerro sesión.', '2017-11-15', '20:48:18', 463),
(855, 'El Usuario:root inicio de sesión.', '2017-11-15', '20:51:28', 464),
(856, 'El Usuario:root cerro sesión.', '2017-11-15', '20:51:48', 464),
(857, 'El Usuario:root inicio de sesión.', '2017-11-15', '20:54:44', 465),
(858, 'El Usuario:root cerro sesión.', '2017-11-15', '20:54:52', 465),
(859, 'El Usuario:root inicio de sesión.', '2017-11-15', '20:58:25', 466),
(860, 'El Usuario:root cerro sesión.', '2017-11-15', '20:58:34', 466),
(861, 'El Usuario:root inicio de sesión.', '2017-11-15', '20:59:01', 467),
(862, 'El Usuario:root cerro sesión.', '2017-11-15', '20:59:08', 467),
(863, 'El Usuario:root inicio de sesión.', '2017-11-15', '20:59:37', 468),
(864, 'El Usuario:root cerro sesión.', '2017-11-15', '20:59:43', 468),
(865, 'El Usuario:root inicio de sesión.', '2017-11-15', '21:00:09', 469),
(866, 'El Usuario:root cerro sesión.', '2017-11-15', '21:00:16', 469),
(867, 'El Usuario:root inicio de sesión.', '2017-11-15', '21:00:27', 470),
(868, 'El Usuario:root cerro sesión.', '2017-11-15', '21:00:33', 470),
(869, 'El Usuario:root inicio de sesión.', '2017-11-15', '21:01:02', 471),
(870, 'El Usuario:root cerro sesión.', '2017-11-15', '21:01:10', 471),
(871, 'El Usuario:root inicio de sesión.', '2017-11-15', '21:10:41', 472),
(872, 'El Usuario:root cerro sesión.', '2017-11-15', '21:10:51', 472),
(873, 'El Usuario:root inicio de sesión.', '2017-11-15', '21:12:41', 473),
(874, 'El Usuario:root cerro sesión.', '2017-11-15', '21:12:48', 473),
(875, 'El Usuario:root inicio de sesión.', '2017-11-15', '21:13:06', 474),
(876, 'El Usuario:root cerro sesión.', '2017-11-15', '21:13:13', 474),
(877, 'El Usuario:root inicio de sesión.', '2017-11-15', '21:13:25', 475),
(878, 'El Usuario:root inicio de sesión.', '2017-11-15', '21:13:48', 476),
(879, 'El Usuario:root inicio de sesión.', '2017-11-15', '21:14:04', 477),
(880, 'El Usuario:root inicio de sesión.', '2017-11-15', '21:14:31', 478),
(881, 'El Usuario:root inicio de sesión.', '2017-11-15', '21:15:03', 479),
(882, 'El Usuario:root inicio de sesión.', '2017-11-15', '21:15:17', 480),
(883, 'El Usuario:root cerro sesión.', '2017-11-15', '21:15:45', 480),
(884, 'El Usuario:root inicio de sesión.', '2017-11-15', '21:16:15', 481),
(885, 'El Usuario:root cerro sesión.', '2017-11-15', '21:16:25', 481),
(886, 'El Usuario:root inicio de sesión.', '2017-11-15', '21:17:24', 482),
(887, 'El Usuario:root cerro sesión.', '2017-11-15', '21:17:40', 482),
(888, 'El Usuario:root inicio de sesión.', '2017-11-15', '21:17:59', 483),
(889, 'El Usuario:root cerro sesión.', '2017-11-15', '21:18:08', 483),
(890, 'El Usuario:root inicio de sesión.', '2017-11-15', '21:18:47', 484),
(891, 'El Usuario:root cerro sesión.', '2017-11-15', '21:18:53', 484),
(892, 'El Usuario:root inicio de sesión.', '2017-11-15', '21:19:09', 485),
(893, 'El Usuario:root cerro sesión.', '2017-11-15', '21:19:17', 485),
(894, 'El Usuario:root inicio de sesión.', '2017-11-15', '21:20:19', 486),
(895, 'El Usuario:root cerro sesión.', '2017-11-15', '21:20:37', 486),
(896, 'El Usuario:root inicio de sesión.', '2017-11-15', '21:23:18', 487),
(897, 'El Usuario:root cerro sesión.', '2017-11-15', '21:23:25', 487),
(898, 'El Usuario:root inicio de sesión.', '2017-11-15', '21:23:59', 488),
(899, 'El Usuario:root cerro sesión.', '2017-11-15', '21:24:08', 488),
(900, 'El Usuario:root inicio de sesión.', '2017-11-15', '21:24:53', 489),
(901, 'El Usuario:root cerro sesión.', '2017-11-15', '21:26:19', 489),
(902, 'El Usuario:root inicio de sesión.', '2017-11-15', '21:31:33', 490),
(903, 'El Usuario:root inicio de sesión.', '2017-11-15', '21:32:07', 491),
(904, 'El Usuario:root inicio de sesión.', '2017-11-15', '21:33:20', 492),
(905, 'El Usuario:root inicio de sesión.', '2017-11-15', '21:33:44', 493),
(906, 'El Usuario:root inicio de sesión.', '2017-11-15', '21:34:14', 494),
(907, 'El Usuario:root inicio de sesión.', '2017-11-15', '21:35:09', 495),
(908, 'El Usuario:root inicio de sesión.', '2017-11-15', '21:35:45', 496),
(909, 'El Usuario:root inicio de sesión.', '2017-11-15', '21:36:15', 497),
(910, 'El Usuario:root inicio de sesión.', '2017-11-15', '21:37:19', 498),
(911, 'El Usuario:root inicio de sesión.', '2017-11-15', '21:39:04', 499),
(912, 'El Usuario:root inicio de sesión.', '2017-11-15', '21:39:32', 500),
(913, 'El Usuario:root cerro sesión.', '2017-11-15', '21:39:48', 500),
(914, 'El Usuario:root inicio de sesión.', '2017-11-15', '21:40:20', 501),
(915, 'El Usuario:root cerro sesión.', '2017-11-15', '21:40:36', 501),
(916, 'El Usuario:root inicio de sesión.', '2017-11-15', '21:41:13', 502),
(917, 'El Usuario:root cerro sesión.', '2017-11-15', '21:41:21', 502),
(918, 'El Usuario:root inicio de sesión.', '2017-11-15', '21:41:27', 503),
(919, 'El Usuario:root inicio de sesión.', '2017-11-15', '21:41:44', 504),
(920, 'El Usuario:root inicio de sesión.', '2017-11-15', '21:42:02', 505),
(921, 'El Usuario:root inicio de sesión.', '2017-11-15', '21:42:28', 506),
(922, 'El Usuario:root inicio de sesión.', '2017-11-15', '21:42:47', 507),
(923, 'El Usuario:root inicio de sesión.', '2017-11-15', '21:43:04', 508),
(924, 'El Usuario:root cerro sesión.', '2017-11-15', '21:43:11', 508),
(925, 'El Usuario:root inicio de sesión.', '2017-11-15', '22:05:12', 509),
(926, 'El Usuario:root inicio de sesión.', '2017-11-15', '22:06:46', 510),
(927, 'El Usuario:root cerro sesión.', '2017-11-15', '22:07:00', 510),
(928, 'El Usuario:root inicio de sesión.', '2017-11-15', '22:07:33', 511),
(929, 'El Usuario:root cerro sesión.', '2017-11-15', '22:07:50', 511),
(930, 'El Usuario:root inicio de sesión.', '2017-11-15', '22:08:13', 512),
(931, 'El Usuario:root cerro sesión.', '2017-11-15', '22:08:28', 512),
(932, 'El Usuario:root inicio de sesión.', '2017-11-15', '23:27:33', 513),
(933, 'El Usuario:root inicio de sesión.', '2017-11-15', '23:28:42', 514),
(934, 'El Usuario:root inicio de sesión.', '2017-11-15', '23:37:56', 515),
(935, 'El Usuario:root inicio de sesión.', '2017-11-15', '23:39:00', 516),
(936, 'El Usuario:root inicio de sesión.', '2017-11-15', '23:45:14', 517),
(937, 'El Usuario:root inicio de sesión.', '2017-11-15', '23:47:03', 518),
(938, 'El Usuario:root cerro sesión.', '2017-11-15', '23:48:00', 518),
(939, 'El Usuario:root inicio de sesión.', '2017-11-15', '23:55:47', 519),
(940, 'El Usuario:root inicio de sesión.', '2017-11-16', '00:04:44', 520),
(941, 'El Usuario:root inicio de sesión.', '2017-11-16', '00:05:49', 521),
(942, 'El Usuario:root inicio de sesión.', '2017-11-16', '00:09:36', 522),
(943, 'El Usuario:root cerro sesión.', '2017-11-16', '00:10:06', 522),
(944, 'El Usuario:root inicio de sesión.', '2017-11-16', '00:11:54', 523),
(945, 'El Usuario:root cerro sesión.', '2017-11-16', '00:12:30', 523),
(946, 'El Usuario:root inicio de sesión.', '2017-11-16', '00:14:19', 524),
(947, 'El Usuario:root inicio de sesión.', '2017-11-16', '00:15:06', 525),
(948, 'El Usuario:root cerro sesión.', '2017-11-16', '00:15:21', 525),
(949, 'El Usuario:root inicio de sesión.', '2017-11-16', '00:15:58', 526),
(950, 'El Usuario:root inicio de sesión.', '2017-11-16', '00:17:47', 527),
(951, 'El Usuario:root inicio de sesión.', '2017-11-16', '00:18:10', 528),
(952, 'El Usuario:root cerro sesión.', '2017-11-16', '00:18:41', 528),
(953, 'El Usuario:root inicio de sesión.', '2017-11-16', '00:22:07', 529),
(954, 'El Usuario:root inicio de sesión.', '2017-11-16', '00:28:07', 530),
(955, 'El Usuario:root cerro sesión.', '2017-11-16', '00:29:30', 530),
(956, 'El Usuario:root inicio de sesión.', '2017-11-16', '00:29:53', 531),
(957, 'El Usuario:root cerro sesión.', '2017-11-16', '00:30:22', 531),
(958, 'El Usuario:root inicio de sesión.', '2017-11-16', '15:12:51', 532),
(959, 'El Usuario:root inicio de sesión.', '2017-11-16', '15:36:31', 533),
(960, 'El Usuario:root inicio de sesión.', '2017-11-16', '15:38:50', 534),
(961, 'El Usuario:root inicio de sesión.', '2017-11-16', '15:43:29', 535),
(962, 'El Usuario:root inicio de sesión.', '2017-11-16', '15:48:41', 536),
(963, 'El Usuario:root inicio de sesión.', '2017-11-16', '15:50:18', 537),
(964, 'El Usuario:root inicio de sesión.', '2017-11-16', '15:51:05', 538),
(965, 'El Usuario:root inicio de sesión.', '2017-11-16', '15:51:29', 539),
(966, 'El Usuario:root inicio de sesión.', '2017-11-16', '15:51:46', 540),
(967, 'El Usuario:root inicio de sesión.', '2017-11-16', '15:52:40', 541),
(968, 'El Usuario:root inicio de sesión.', '2017-11-16', '20:11:06', 542),
(969, 'El Usuario:root cerro sesión.', '2017-11-16', '20:12:46', 542),
(970, 'El Usuario:root inicio de sesión.', '2017-11-16', '20:13:10', 543),
(971, 'El Usuario:root inicio de sesión.', '2017-11-16', '20:13:48', 544),
(972, 'El Usuario:root inicio de sesión.', '2017-11-16', '20:14:49', 545),
(973, 'El Usuario:root inicio de sesión.', '2017-11-16', '20:18:35', 546),
(974, 'El Usuario:root inicio de sesión.', '2017-11-16', '20:24:14', 547),
(975, 'El Usuario:root cerro sesión.', '2017-11-16', '20:30:03', 547),
(976, 'El Usuario:root inicio de sesión.', '2017-11-16', '20:33:32', 548),
(977, 'El Usuario:root cerro sesión.', '2017-11-16', '20:35:02', 548),
(978, 'El Usuario:root inicio de sesión.', '2017-11-16', '20:48:54', 549),
(979, 'El Usuario:root cerro sesión.', '2017-11-16', '20:57:12', 549),
(980, 'El Usuario:root inicio de sesión.', '2017-11-16', '21:02:25', 550),
(981, 'El Usuario:root cerro sesión.', '2017-11-16', '21:03:53', 550),
(982, 'El Usuario:root inicio de sesión.', '2017-11-16', '21:06:09', 551),
(983, 'El Usuario:root cerro sesión.', '2017-11-16', '21:07:03', 551),
(984, 'El Usuario:root inicio de sesión.', '2017-11-16', '21:43:08', 552),
(985, 'El Usuario:root cerro sesión.', '2017-11-16', '21:43:33', 552),
(986, 'El Usuario:root inicio de sesión.', '2017-11-16', '21:51:01', 553),
(987, 'El Usuario:root inicio de sesión.', '2017-11-16', '21:53:21', 554),
(988, 'El Usuario:root cerro sesión.', '2017-11-16', '21:53:31', 554),
(989, 'El Usuario:root inicio de sesión.', '2017-11-16', '21:53:51', 555),
(990, 'El Usuario:root cerro sesión.', '2017-11-16', '21:55:06', 555),
(991, 'El Usuario:root inicio de sesión.', '2017-11-16', '21:55:25', 556),
(992, 'El Usuario:root cerro sesión.', '2017-11-16', '21:55:33', 556),
(993, 'El Usuario:root inicio de sesión.', '2017-11-16', '21:58:58', 557),
(994, 'El Usuario:root cerro sesión.', '2017-11-16', '21:59:42', 557),
(995, 'El Usuario:root inicio de sesión.', '2017-11-16', '22:00:05', 558),
(996, 'El Usuario:root cerro sesión.', '2017-11-16', '22:00:27', 558),
(997, 'El Usuario:root inicio de sesión.', '2017-11-16', '22:00:43', 559),
(998, 'El Usuario:root cerro sesión.', '2017-11-16', '22:01:23', 559),
(999, 'El Usuario:root inicio de sesión.', '2017-11-16', '22:14:39', 560),
(1000, 'El Usuario:root cerro sesión.', '2017-11-16', '22:15:48', 560),
(1001, 'El Usuario:root inicio de sesión.', '2017-11-16', '22:24:37', 561),
(1002, 'El Usuario:root cerro sesión.', '2017-11-16', '22:25:14', 561),
(1003, 'El Usuario:root inicio de sesión.', '2017-11-16', '22:42:21', 562),
(1004, 'El Usuario:root cerro sesión.', '2017-11-16', '22:42:44', 562),
(1005, 'El Usuario:root inicio de sesión.', '2017-11-16', '22:43:39', 563),
(1006, 'El Usuario:root inicio de sesión.', '2017-11-16', '22:44:56', 564),
(1007, 'El Usuario:root cerro sesión.', '2017-11-16', '22:45:36', 564),
(1008, 'El Usuario:root inicio de sesión.', '2017-11-16', '22:52:30', 565),
(1009, 'El Usuario:root cerro sesión.', '2017-11-16', '22:53:08', 565),
(1010, 'El Usuario:root inicio de sesión.', '2017-11-16', '22:53:41', 566),
(1011, 'El Usuario:root cerro sesión.', '2017-11-16', '22:53:52', 566),
(1012, 'El Usuario:root inicio de sesión.', '2017-11-16', '22:54:02', 567),
(1013, 'El Usuario:root inicio de sesión.', '2017-11-16', '22:58:23', 568),
(1014, 'El Usuario:root cerro sesión.', '2017-11-16', '22:58:55', 568),
(1015, 'El Usuario:root inicio de sesión.', '2017-11-16', '23:01:47', 569),
(1016, 'El Usuario:root cerro sesión.', '2017-11-16', '23:02:26', 569),
(1017, 'El Usuario:root inicio de sesión.', '2017-11-16', '23:03:56', 570);
INSERT INTO `auditoria` (`id`, `evento`, `fecha`, `hora`, `sesion_id`) VALUES
(1018, 'El Usuario:root cerro sesión.', '2017-11-16', '23:04:08', 570),
(1019, 'El Usuario:root inicio de sesión.', '2017-11-16', '23:04:49', 571),
(1020, 'El Usuario:root cerro sesión.', '2017-11-16', '23:05:00', 571),
(1021, 'El Usuario:root inicio de sesión.', '2017-11-16', '23:06:32', 572),
(1022, 'El Usuario:root cerro sesión.', '2017-11-16', '23:07:11', 572),
(1023, 'El Usuario:root inicio de sesión.', '2017-11-16', '23:07:47', 573),
(1024, 'El Usuario:root cerro sesión.', '2017-11-16', '23:08:10', 573),
(1025, 'El Usuario:root inicio de sesión.', '2017-11-16', '23:12:40', 574),
(1026, 'El Usuario:root cerro sesión.', '2017-11-16', '23:13:11', 574),
(1027, 'El Usuario:root inicio de sesión.', '2017-11-16', '23:13:56', 575),
(1028, 'El Usuario:root cerro sesión.', '2017-11-16', '23:14:36', 575),
(1029, 'El Usuario:root inicio de sesión.', '2017-11-16', '23:15:14', 576),
(1030, 'El Usuario:root cerro sesión.', '2017-11-16', '23:15:36', 576),
(1031, 'El Usuario:root inicio de sesión.', '2017-11-16', '23:17:01', 577),
(1032, 'El Usuario:root cerro sesión.', '2017-11-16', '23:17:44', 577),
(1033, 'El Usuario:root inicio de sesión.', '2017-11-16', '23:19:40', 578),
(1034, 'El Usuario:root cerro sesión.', '2017-11-16', '23:20:17', 578),
(1035, 'El Usuario:root inicio de sesión.', '2017-11-16', '23:20:29', 579),
(1036, 'El Usuario:root cerro sesión.', '2017-11-16', '23:21:06', 579),
(1037, 'El Usuario:root inicio de sesión.', '2017-11-16', '23:32:04', 580),
(1038, 'El Usuario:root cerro sesión.', '2017-11-16', '23:32:09', 580),
(1039, 'El Usuario:root inicio de sesión.', '2017-11-16', '23:32:22', 581),
(1040, 'El Usuario:root cerro sesión.', '2017-11-16', '23:33:18', 581),
(1041, 'El Usuario:root inicio de sesión.', '2017-11-16', '23:38:10', 582),
(1042, 'El Usuario:root cerro sesión.', '2017-11-16', '23:39:03', 582),
(1043, 'El Usuario:root inicio de sesión.', '2017-11-16', '23:39:54', 583),
(1044, 'El Usuario:root cerro sesión.', '2017-11-16', '23:40:16', 583),
(1045, 'El Usuario:root inicio de sesión.', '2017-11-16', '23:41:52', 584),
(1046, 'El Usuario:root cerro sesión.', '2017-11-16', '23:42:16', 584),
(1047, 'El Usuario:root inicio de sesión.', '2017-11-17', '13:57:11', 585),
(1048, 'El Usuario:root inicio de sesión.', '2017-11-17', '13:59:30', 586),
(1049, 'El Usuario:root cerro sesión.', '2017-11-17', '14:00:56', 586),
(1050, 'El Usuario:root inicio de sesión.', '2017-11-17', '23:24:50', 587),
(1051, 'El Usuario:root cerro sesión.', '2017-11-17', '23:25:02', 587);

-- --------------------------------------------------------

--
-- Estructura de tabla para la tabla `pregunta_s`
--

CREATE TABLE IF NOT EXISTS `pregunta_s` (
  `id` int(11) NOT NULL AUTO_INCREMENT,
  `preguntas` varchar(30) DEFAULT NULL,
  PRIMARY KEY (`id`)
) ENGINE=InnoDB  DEFAULT CHARSET=latin1 AUTO_INCREMENT=3 ;

--
-- Volcado de datos para la tabla `pregunta_s`
--

INSERT INTO `pregunta_s` (`id`, `preguntas`) VALUES
(1, '¿Nombre de tu primera mascota?'),
(2, '¿apellido del padre?');

-- --------------------------------------------------------

--
-- Estructura de tabla para la tabla `registro_rubro`
--

CREATE TABLE IF NOT EXISTS `registro_rubro` (
  `id` int(11) NOT NULL AUTO_INCREMENT,
  `transaccion_id` int(11) NOT NULL,
  `rubro_id` int(11) NOT NULL,
  `cantidad` int(11) NOT NULL,
  `tipo_registro` int(11) NOT NULL COMMENT '1 es entrada 0 es division',
  PRIMARY KEY (`id`),
  KEY `transaccion_id` (`transaccion_id`),
  KEY `rubro_id` (`rubro_id`)
) ENGINE=InnoDB DEFAULT CHARSET=latin1 AUTO_INCREMENT=1 ;

-- --------------------------------------------------------

--
-- Estructura de tabla para la tabla `rubro`
--

CREATE TABLE IF NOT EXISTS `rubro` (
  `id` int(11) NOT NULL AUTO_INCREMENT,
  `descripcion` varchar(50) NOT NULL,
  PRIMARY KEY (`id`)
) ENGINE=InnoDB  DEFAULT CHARSET=latin1 AUTO_INCREMENT=18 ;

--
-- Volcado de datos para la tabla `rubro`
--

INSERT INTO `rubro` (`id`, `descripcion`) VALUES
(1, 'PASTA'),
(2, 'ARROZ'),
(5, 'ACEITE'),
(12, 'SALSA'),
(15, 'HARINA'),
(16, 'MAIZINA'),
(17, 'SALSA DE TOMATE');

-- --------------------------------------------------------

--
-- Estructura de tabla para la tabla `sesion`
--

CREATE TABLE IF NOT EXISTS `sesion` (
  `id` int(11) NOT NULL AUTO_INCREMENT,
  `inicio_fecha` date NOT NULL,
  `inicio_hora` time NOT NULL,
  `finalizo_fecha` date NOT NULL,
  `finalizo_hora` time NOT NULL,
  `usuario_id` int(11) NOT NULL,
  PRIMARY KEY (`id`),
  KEY `usuario_id` (`usuario_id`)
) ENGINE=InnoDB  DEFAULT CHARSET=latin1 AUTO_INCREMENT=588 ;

--
-- Volcado de datos para la tabla `sesion`
--

INSERT INTO `sesion` (`id`, `inicio_fecha`, `inicio_hora`, `finalizo_fecha`, `finalizo_hora`, `usuario_id`) VALUES
(193, '2017-10-28', '21:12:17', '2017-10-28', '21:12:39', 27),
(194, '2017-10-28', '21:12:58', '2017-10-28', '21:16:06', 27),
(195, '2017-10-28', '21:17:07', '2017-10-28', '21:18:00', 27),
(196, '2017-10-28', '21:18:00', '2017-10-28', '21:18:17', 27),
(197, '2017-10-29', '00:27:24', '2017-10-29', '00:27:30', 27),
(198, '2017-10-29', '00:31:33', '2017-10-29', '00:31:58', 27),
(199, '2017-10-29', '00:32:41', '2017-10-29', '00:32:52', 27),
(200, '2017-10-29', '00:34:09', '2017-10-29', '00:34:24', 27),
(201, '2017-10-29', '00:34:38', '2017-10-29', '00:34:53', 27),
(202, '2017-10-29', '00:35:47', '2017-10-29', '00:35:47', 27),
(203, '2017-10-29', '01:11:22', '2017-10-29', '01:11:29', 27),
(204, '2017-10-29', '01:13:18', '2017-10-29', '01:13:25', 27),
(205, '2017-10-29', '01:18:09', '2017-10-29', '01:18:18', 27),
(206, '2017-10-29', '01:18:39', '2017-10-29', '01:18:45', 27),
(207, '2017-10-29', '01:25:08', '2017-10-29', '01:25:19', 27),
(208, '2017-10-29', '01:26:04', '2017-10-29', '01:26:26', 27),
(209, '2017-10-29', '01:29:20', '2017-10-29', '01:29:33', 27),
(210, '2017-10-29', '01:29:38', '2017-10-29', '01:01:13', 27),
(211, '2017-10-29', '01:10:07', '2017-10-29', '01:10:19', 27),
(212, '2017-10-29', '01:20:48', '2017-10-29', '01:20:48', 27),
(213, '2017-10-29', '01:21:42', '2017-10-29', '01:22:00', 27),
(214, '2017-10-29', '01:22:39', '2017-10-29', '01:22:58', 27),
(215, '2017-10-29', '01:28:13', '2017-10-29', '01:28:36', 27),
(216, '2017-10-29', '01:28:38', '2017-10-29', '01:28:47', 27),
(217, '2017-10-29', '01:28:56', '2017-10-29', '01:29:01', 27),
(218, '2017-10-29', '01:29:33', '2017-10-29', '01:29:45', 27),
(219, '2017-10-29', '01:29:57', '2017-10-29', '01:30:01', 27),
(220, '2017-10-29', '01:31:58', '2017-10-29', '01:32:12', 27),
(221, '2017-10-29', '01:32:42', '2017-10-29', '01:33:13', 27),
(222, '2017-10-29', '01:34:42', '2017-10-29', '01:34:53', 27),
(223, '2017-10-29', '01:35:02', '2017-10-29', '01:35:38', 27),
(224, '2017-10-29', '01:37:12', '2017-10-29', '01:37:22', 27),
(225, '2017-10-29', '01:43:48', '2017-10-29', '01:44:44', 27),
(226, '2017-10-29', '01:48:14', '2017-10-29', '01:48:36', 27),
(227, '2017-10-29', '01:48:58', '2017-10-29', '01:49:11', 27),
(228, '2017-10-29', '01:50:37', '2017-10-29', '01:50:59', 27),
(229, '2017-10-29', '01:51:16', '2017-10-29', '01:51:43', 27),
(230, '2017-10-29', '01:52:31', '2017-10-29', '01:52:51', 27),
(231, '2017-10-29', '01:54:09', '2017-10-29', '01:54:28', 27),
(232, '2017-10-29', '01:54:58', '2017-10-29', '01:55:18', 27),
(233, '2017-10-29', '01:59:42', '2017-10-29', '01:59:42', 27),
(234, '2017-10-29', '02:00:47', '2017-10-29', '02:03:25', 27),
(235, '2017-10-29', '11:05:13', '2017-10-29', '11:05:32', 27),
(236, '2017-10-29', '11:06:44', '2017-10-29', '11:07:32', 27),
(237, '2017-10-29', '11:09:42', '2017-10-29', '11:10:01', 27),
(238, '2017-10-29', '11:10:15', '2017-10-29', '11:10:26', 27),
(239, '2017-10-29', '11:10:37', '2017-10-29', '11:10:58', 27),
(240, '2017-10-29', '11:23:11', '2017-10-29', '11:24:56', 27),
(241, '2017-10-29', '11:42:40', '2017-10-29', '11:44:21', 27),
(242, '2017-10-29', '11:46:16', '2017-10-29', '11:47:23', 27),
(243, '2017-10-29', '11:52:26', '2017-10-29', '11:54:30', 27),
(244, '2017-10-29', '12:05:04', '2017-10-29', '12:05:26', 27),
(245, '2017-10-29', '12:05:31', '2017-10-29', '12:05:56', 30),
(246, '2017-10-29', '12:05:57', '2017-10-29', '12:11:06', 27),
(247, '2017-10-29', '12:18:10', '2017-10-29', '12:18:48', 27),
(248, '2017-10-29', '12:21:56', '2017-10-29', '12:22:23', 27),
(249, '2017-10-29', '12:22:46', '2017-10-29', '12:22:56', 27),
(250, '2017-10-29', '12:23:20', '2017-10-29', '12:23:29', 27),
(251, '2017-10-29', '12:23:40', '2017-10-29', '12:24:43', 27),
(252, '2017-10-29', '12:25:14', '2017-10-29', '12:25:44', 27),
(253, '2017-10-29', '12:38:17', '2017-10-29', '12:38:49', 27),
(254, '2017-10-29', '12:39:28', '2017-10-29', '12:40:50', 30),
(255, '2017-10-29', '12:40:51', '2017-10-29', '12:41:02', 27),
(256, '2017-10-29', '12:46:09', '2017-10-29', '12:46:09', 27),
(257, '2017-10-29', '12:47:53', '2017-10-29', '12:48:28', 27),
(258, '2017-10-29', '12:49:03', '2017-10-29', '12:49:47', 27),
(259, '2017-10-29', '12:51:00', '2017-10-29', '12:52:17', 27),
(260, '2017-10-29', '12:52:18', '2017-10-29', '12:52:40', 27),
(261, '2017-10-29', '12:52:41', '2017-10-29', '12:56:19', 27),
(262, '2017-10-29', '12:56:55', '2017-10-29', '12:58:04', 27),
(263, '2017-10-29', '13:07:24', '2017-10-29', '13:08:04', 27),
(264, '2017-10-29', '13:08:05', '2017-10-29', '13:08:19', 27),
(265, '2017-10-29', '13:08:20', '2017-10-29', '13:09:03', 27),
(266, '2017-10-29', '13:10:22', '2017-10-29', '13:11:04', 27),
(267, '2017-10-29', '13:11:42', '2017-10-29', '13:13:14', 27),
(268, '2017-10-29', '13:15:31', '2017-10-29', '13:15:42', 27),
(269, '2017-10-29', '13:16:28', '2017-10-29', '13:16:47', 27),
(270, '2017-10-29', '13:16:48', '2017-10-29', '13:16:56', 27),
(271, '2017-10-29', '13:16:57', '2017-10-29', '13:17:41', 27),
(272, '2017-10-29', '13:19:17', '2017-10-29', '13:20:18', 27),
(273, '2017-10-29', '13:20:25', '2017-10-29', '13:20:28', 31),
(274, '2017-10-29', '13:20:35', '2017-10-29', '13:20:35', 27),
(275, '2017-10-29', '16:15:24', '2017-10-29', '16:16:01', 27),
(276, '2017-10-29', '16:18:44', '2017-10-29', '16:19:03', 27),
(277, '2017-10-29', '16:19:15', '2017-10-29', '16:20:09', 27),
(278, '2017-10-29', '16:21:20', '2017-10-29', '16:21:51', 27),
(279, '2017-10-29', '16:21:52', '2017-10-29', '16:22:26', 27),
(280, '2017-10-29', '16:22:26', '2017-10-29', '16:23:11', 27),
(281, '2017-10-29', '16:23:13', '2017-10-29', '16:23:43', 3),
(282, '2017-10-29', '16:23:45', '2017-10-29', '16:23:58', 27),
(283, '2017-10-29', '16:23:59', '2017-10-29', '16:24:06', 27),
(284, '2017-10-29', '16:24:07', '2017-10-29', '16:27:06', 27),
(285, '2017-10-29', '16:29:55', '2017-10-29', '16:31:39', 27),
(286, '2017-10-29', '16:31:40', '2017-10-29', '16:31:43', 27),
(287, '2017-10-29', '16:34:55', '2017-10-29', '16:35:19', 27),
(288, '2017-10-29', '16:37:39', '2017-10-29', '16:37:48', 27),
(289, '2017-10-29', '16:37:49', '2017-10-29', '16:38:44', 27),
(290, '2017-10-29', '16:38:45', '2017-10-29', '16:38:50', 27),
(291, '2017-10-29', '16:38:52', '2017-10-29', '16:39:40', 30),
(292, '2017-10-29', '16:39:40', '2017-10-29', '16:39:47', 27),
(293, '2017-10-29', '16:42:07', '2017-10-29', '16:43:20', 27),
(294, '2017-10-29', '16:43:23', '2017-10-29', '16:43:36', 3),
(295, '2017-10-29', '16:43:37', '2017-10-29', '16:44:40', 27),
(296, '2017-10-30', '00:55:52', '2017-10-30', '00:55:56', 27),
(297, '2017-10-30', '01:04:57', '2017-10-30', '01:05:42', 27),
(298, '2017-10-30', '01:05:44', '2017-10-30', '01:05:46', 27),
(299, '2017-10-30', '01:06:40', '2017-10-30', '01:07:06', 27),
(300, '2017-10-30', '01:07:11', '2017-10-30', '01:07:32', 27),
(301, '2017-10-30', '01:08:10', '2017-10-30', '01:08:53', 27),
(302, '2017-10-30', '01:08:57', '2017-10-30', '01:09:13', 27),
(303, '2017-10-30', '01:09:52', '2017-10-30', '01:10:18', 27),
(304, '2017-10-30', '01:10:18', '2017-10-30', '01:10:24', 27),
(305, '2017-10-30', '01:10:37', '2017-10-30', '01:10:56', 27),
(306, '2017-10-30', '01:10:58', '2017-10-30', '01:11:00', 27),
(307, '2017-10-30', '01:13:40', '2017-10-30', '01:13:44', 27),
(308, '2017-10-30', '01:13:45', '2017-10-30', '01:13:47', 27),
(309, '2017-10-30', '01:14:02', '2017-10-30', '01:14:24', 27),
(310, '2017-10-30', '01:14:25', '2017-10-30', '01:14:49', 27),
(311, '2017-10-30', '01:15:09', '2017-10-30', '01:15:12', 27),
(312, '2017-10-30', '01:17:40', '2017-10-30', '01:17:43', 27),
(313, '2017-10-30', '01:18:36', '2017-10-30', '01:18:56', 27),
(314, '2017-10-30', '01:31:36', '2017-10-30', '01:32:24', 27),
(315, '2017-10-30', '13:18:09', '2017-10-30', '13:18:15', 27),
(316, '2017-10-30', '13:18:25', '2017-10-30', '13:18:25', 27),
(317, '2017-10-30', '13:55:55', '2017-10-30', '13:56:02', 27),
(318, '2017-10-30', '14:06:43', '2017-10-30', '14:08:12', 27),
(319, '2017-10-30', '14:08:26', '2017-10-30', '14:08:46', 27),
(320, '2017-10-30', '14:18:50', '2017-10-30', '14:19:37', 27),
(321, '2017-10-30', '14:19:38', '2017-10-30', '14:19:48', 27),
(322, '2017-10-30', '14:19:49', '2017-10-30', '14:20:30', 27),
(323, '2017-10-30', '14:26:16', '2017-10-30', '14:26:42', 27),
(324, '2017-10-30', '14:30:14', '2017-10-30', '14:30:31', 27),
(325, '2017-10-30', '14:31:29', '2017-10-30', '14:31:41', 27),
(326, '2017-10-30', '14:33:55', '2017-10-30', '14:33:55', 27),
(327, '2017-10-30', '14:34:58', '2017-10-30', '14:35:26', 27),
(328, '2017-10-30', '14:36:16', '2017-10-30', '14:37:05', 27),
(329, '2017-10-30', '14:37:06', '2017-10-30', '14:37:09', 27),
(330, '2017-10-30', '14:37:13', '2017-10-30', '14:37:32', 27),
(331, '2017-10-30', '14:38:04', '2017-10-30', '14:38:04', 27),
(332, '2017-10-30', '14:44:48', '2017-10-30', '14:45:10', 27),
(333, '2017-10-30', '14:55:56', '2017-10-30', '14:56:30', 27),
(334, '2017-10-30', '15:25:08', '2017-10-30', '15:25:16', 27),
(335, '2017-10-30', '15:26:14', '2017-10-30', '15:26:28', 27),
(336, '2017-10-30', '15:27:38', '2017-10-30', '15:28:05', 27),
(337, '2017-10-30', '15:28:21', '2017-10-30', '15:30:15', 27),
(338, '2017-10-30', '15:36:52', '2017-10-30', '15:37:08', 27),
(339, '2017-10-30', '15:38:36', '2017-10-30', '15:38:59', 27),
(340, '2017-10-30', '15:45:11', '2017-10-30', '15:46:44', 27),
(341, '2017-10-30', '15:47:43', '2017-10-30', '15:48:03', 27),
(342, '2017-10-30', '15:48:58', '2017-10-30', '15:49:09', 27),
(343, '2017-10-30', '15:50:00', '2017-10-30', '15:55:26', 27),
(344, '2017-10-30', '16:07:24', '2017-10-30', '16:08:05', 27),
(345, '2017-10-30', '16:24:06', '2017-10-30', '16:26:36', 27),
(346, '2017-10-30', '16:26:55', '2017-10-30', '16:27:33', 27),
(347, '2017-10-30', '21:29:43', '2017-10-30', '21:29:49', 27),
(348, '2017-10-30', '21:33:08', '2017-10-30', '21:33:21', 27),
(349, '2017-10-30', '22:00:18', '2017-10-30', '22:00:36', 27),
(350, '2017-10-30', '22:01:38', '2017-10-30', '22:01:45', 27),
(351, '2017-10-30', '22:01:57', '2017-10-30', '22:02:05', 27),
(352, '2017-10-30', '22:02:34', '2017-10-30', '22:02:45', 27),
(353, '2017-10-30', '22:03:11', '2017-10-30', '22:03:22', 27),
(354, '2017-10-30', '22:04:12', '2017-10-30', '22:04:33', 27),
(355, '2017-10-30', '22:11:44', '2017-10-30', '22:12:03', 27),
(356, '2017-10-30', '22:12:51', '2017-10-30', '22:13:12', 27),
(357, '2017-10-30', '22:14:25', '2017-10-30', '22:14:50', 27),
(358, '2017-10-30', '22:15:33', '2017-10-30', '22:17:55', 27),
(359, '2017-10-30', '22:40:01', '2017-10-30', '22:40:40', 27),
(360, '2017-10-30', '22:40:57', '2017-10-30', '22:41:22', 27),
(361, '2017-10-30', '22:42:27', '2017-10-30', '22:42:36', 27),
(362, '2017-10-30', '22:42:43', '2017-10-30', '22:43:18', 27),
(363, '2017-10-30', '22:54:52', '2017-10-30', '22:56:00', 27),
(364, '2017-10-30', '22:56:11', '2017-10-30', '22:56:24', 27),
(365, '2017-10-30', '22:57:43', '2017-10-30', '22:58:48', 27),
(366, '2017-10-30', '23:00:24', '2017-10-30', '23:00:42', 27),
(367, '2017-10-30', '23:01:57', '2017-10-30', '23:02:41', 27),
(368, '2017-10-30', '23:03:32', '2017-10-30', '23:03:50', 27),
(369, '2017-10-30', '23:04:00', '2017-10-30', '23:04:20', 27),
(370, '2017-10-30', '23:06:23', '2017-10-30', '23:07:58', 27),
(371, '2017-10-30', '23:25:32', '2017-10-30', '23:25:55', 27),
(372, '2017-10-30', '23:26:17', '2017-10-30', '23:26:29', 27),
(373, '2017-10-30', '23:26:42', '2017-10-30', '23:27:58', 27),
(374, '2017-10-30', '23:52:38', '2017-10-31', '00:14:33', 27),
(375, '2017-10-31', '00:15:07', '2017-10-31', '00:15:20', 27),
(376, '2017-10-31', '00:15:28', '2017-10-31', '00:15:36', 27),
(377, '2017-10-31', '00:15:51', '2017-10-31', '00:16:17', 27),
(378, '2017-10-31', '00:30:38', '2017-10-31', '00:31:52', 27),
(379, '2017-10-31', '00:41:41', '2017-10-31', '00:41:52', 27),
(380, '2017-10-31', '00:43:11', '2017-10-31', '00:44:06', 27),
(381, '2017-10-31', '00:45:54', '2017-10-31', '00:46:10', 27),
(382, '2017-10-31', '00:46:21', '2017-10-31', '00:46:40', 27),
(383, '2017-10-31', '00:46:58', '2017-10-31', '00:47:11', 27),
(384, '2017-10-31', '00:57:03', '2017-10-31', '00:57:35', 27),
(385, '2017-10-31', '00:57:58', '2017-10-31', '00:58:02', 27),
(386, '2017-10-31', '00:58:11', '2017-10-31', '00:58:28', 27),
(387, '2017-10-31', '00:59:11', '2017-10-31', '00:59:30', 27),
(388, '2017-10-31', '01:01:43', '2017-10-31', '01:02:04', 27),
(389, '2017-10-31', '01:02:36', '2017-10-31', '01:03:45', 30),
(390, '2017-10-31', '01:09:18', '2017-10-31', '01:09:33', 27),
(391, '2017-10-31', '01:09:38', '2017-10-31', '01:09:48', 30),
(392, '2017-10-31', '01:20:52', '2017-10-31', '01:20:59', 27),
(393, '2017-10-31', '01:21:05', '2017-10-31', '01:21:12', 30),
(394, '2017-10-31', '01:22:04', '2017-10-31', '01:22:15', 30),
(395, '2017-10-31', '01:25:19', '2017-10-31', '01:25:23', 27),
(396, '2017-10-31', '01:26:45', '2017-10-31', '01:26:49', 27),
(397, '2017-10-31', '01:26:54', '2017-10-31', '01:26:57', 30),
(398, '2017-10-31', '01:27:05', '2017-10-31', '01:27:08', 27),
(399, '2017-10-31', '01:27:13', '2017-10-31', '01:27:33', 30),
(400, '2017-10-31', '01:29:29', '2017-10-31', '01:29:43', 27),
(401, '2017-10-31', '01:29:48', '2017-10-31', '01:30:30', 30),
(402, '2017-10-31', '13:15:18', '2017-10-31', '13:15:28', 27),
(403, '2017-10-31', '13:18:32', '2017-10-31', '13:20:02', 27),
(404, '2017-10-31', '13:20:29', '2017-10-31', '13:20:42', 3),
(405, '2017-10-31', '13:20:48', '2017-10-31', '13:21:13', 30),
(406, '2017-10-31', '13:21:15', '2017-10-31', '13:21:53', 27),
(407, '2017-11-01', '13:08:47', '2017-11-01', '13:08:55', 27),
(408, '2017-11-01', '13:10:11', '2017-11-01', '13:10:17', 27),
(409, '2017-11-01', '13:11:23', '2017-11-01', '13:11:23', 27),
(410, '2017-11-01', '13:12:16', '2017-11-01', '13:12:50', 27),
(411, '2017-11-01', '13:19:54', '2017-11-01', '13:20:12', 27),
(412, '2017-11-01', '13:20:23', '2017-11-01', '13:20:40', 27),
(413, '2017-11-01', '13:20:49', '2017-11-01', '13:21:18', 27),
(414, '2017-11-01', '13:30:12', '2017-11-01', '13:33:15', 27),
(415, '2017-11-01', '13:35:15', '2017-11-01', '13:36:16', 27),
(416, '2017-11-01', '13:36:44', '2017-11-01', '13:37:18', 27),
(417, '2017-11-01', '13:38:16', '2017-11-01', '13:38:47', 27),
(418, '2017-11-01', '13:40:12', '2017-11-01', '13:40:48', 27),
(419, '2017-11-01', '13:45:22', '2017-11-01', '13:45:31', 27),
(420, '2017-11-01', '13:48:39', '2017-11-01', '13:49:45', 27),
(421, '2017-11-01', '19:29:51', '2017-11-01', '19:30:03', 27),
(422, '2017-11-01', '20:10:43', '2017-11-01', '20:10:54', 27),
(423, '2017-11-01', '20:24:43', '2017-11-01', '20:24:51', 27),
(424, '2017-11-01', '20:33:06', '2017-11-01', '20:33:13', 27),
(425, '2017-11-01', '20:42:19', '2017-11-01', '20:42:19', 27),
(426, '2017-11-01', '20:43:06', '2017-11-01', '20:43:06', 27),
(427, '2017-11-01', '20:43:37', '2017-11-01', '20:44:01', 27),
(428, '2017-11-01', '20:44:20', '2017-11-01', '20:44:37', 27),
(429, '2017-11-01', '20:44:40', '2017-11-01', '20:47:32', 27),
(430, '2017-11-01', '20:47:33', '2017-11-01', '20:47:52', 27),
(431, '2017-11-01', '20:52:45', '2017-11-01', '20:52:53', 27),
(432, '2017-11-01', '20:53:44', '2017-11-01', '20:55:07', 27),
(433, '2017-11-01', '22:22:23', '2017-11-01', '22:23:16', 27),
(434, '2017-11-01', '22:23:22', '2017-11-01', '22:23:37', 27),
(435, '2017-11-01', '22:24:16', '2017-11-01', '22:24:45', 27),
(436, '2017-11-01', '22:24:51', '2017-11-01', '22:25:12', 27),
(437, '2017-11-01', '22:25:21', '2017-11-01', '22:25:21', 27),
(438, '2017-11-01', '22:29:14', '2017-11-01', '22:29:33', 27),
(439, '2017-11-01', '22:29:35', '2017-11-01', '22:30:05', 27),
(440, '2017-11-01', '22:34:55', '2017-11-01', '22:35:26', 27),
(441, '2017-11-01', '22:37:12', '2017-11-01', '22:37:19', 27),
(442, '2017-11-01', '22:37:39', '2017-11-01', '22:38:27', 27),
(443, '2017-11-01', '22:40:05', '2017-11-01', '22:41:02', 27),
(444, '2017-11-01', '22:41:49', '2017-11-01', '22:42:03', 27),
(445, '2017-11-01', '22:42:44', '2017-11-01', '22:44:05', 27),
(446, '2017-11-15', '20:00:36', '2017-11-15', '20:00:52', 27),
(447, '2017-11-15', '20:01:04', '2017-11-15', '20:01:04', 27),
(448, '2017-11-15', '20:02:26', '2017-11-15', '20:02:49', 27),
(449, '2017-11-15', '20:03:01', '2017-11-15', '20:03:46', 27),
(450, '2017-11-15', '20:05:29', '2017-11-15', '20:05:34', 27),
(451, '2017-11-15', '20:09:13', '2017-11-15', '20:09:13', 27),
(452, '2017-11-15', '20:09:52', '2017-11-15', '20:09:52', 27),
(453, '2017-11-15', '20:31:21', '2017-11-15', '20:31:57', 27),
(454, '2017-11-15', '20:36:14', '2017-11-15', '20:36:14', 27),
(455, '2017-11-15', '20:38:29', '2017-11-15', '20:38:29', 27),
(456, '2017-11-15', '20:39:42', '2017-11-15', '20:39:42', 27),
(457, '2017-11-15', '20:40:51', '2017-11-15', '20:40:51', 27),
(458, '2017-11-15', '20:43:54', '2017-11-15', '20:43:54', 27),
(459, '2017-11-15', '20:44:31', '2017-11-15', '20:44:31', 27),
(460, '2017-11-15', '20:45:33', '2017-11-15', '20:45:40', 27),
(461, '2017-11-15', '20:46:29', '2017-11-15', '20:46:47', 27),
(462, '2017-11-15', '20:47:09', '2017-11-15', '20:47:23', 27),
(463, '2017-11-15', '20:48:11', '2017-11-15', '20:48:18', 27),
(464, '2017-11-15', '20:51:28', '2017-11-15', '20:51:48', 27),
(465, '2017-11-15', '20:54:44', '2017-11-15', '20:54:52', 27),
(466, '2017-11-15', '20:58:25', '2017-11-15', '20:58:34', 27),
(467, '2017-11-15', '20:59:01', '2017-11-15', '20:59:08', 27),
(468, '2017-11-15', '20:59:37', '2017-11-15', '20:59:43', 27),
(469, '2017-11-15', '21:00:09', '2017-11-15', '21:00:16', 27),
(470, '2017-11-15', '21:00:27', '2017-11-15', '21:00:33', 27),
(471, '2017-11-15', '21:01:02', '2017-11-15', '21:01:10', 27),
(472, '2017-11-15', '21:10:41', '2017-11-15', '21:10:51', 27),
(473, '2017-11-15', '21:12:41', '2017-11-15', '21:12:48', 27),
(474, '2017-11-15', '21:13:06', '2017-11-15', '21:13:13', 27),
(475, '2017-11-15', '21:13:25', '2017-11-15', '21:13:25', 27),
(476, '2017-11-15', '21:13:48', '2017-11-15', '21:13:48', 27),
(477, '2017-11-15', '21:14:04', '2017-11-15', '21:14:04', 27),
(478, '2017-11-15', '21:14:31', '2017-11-15', '21:14:31', 27),
(479, '2017-11-15', '21:15:03', '2017-11-15', '21:15:03', 27),
(480, '2017-11-15', '21:15:17', '2017-11-15', '21:15:45', 27),
(481, '2017-11-15', '21:16:15', '2017-11-15', '21:16:25', 27),
(482, '2017-11-15', '21:17:23', '2017-11-15', '21:17:40', 27),
(483, '2017-11-15', '21:17:59', '2017-11-15', '21:18:08', 27),
(484, '2017-11-15', '21:18:47', '2017-11-15', '21:18:53', 27),
(485, '2017-11-15', '21:19:09', '2017-11-15', '21:19:17', 27),
(486, '2017-11-15', '21:20:19', '2017-11-15', '21:20:37', 27),
(487, '2017-11-15', '21:23:17', '2017-11-15', '21:23:25', 27),
(488, '2017-11-15', '21:23:58', '2017-11-15', '21:24:08', 27),
(489, '2017-11-15', '21:24:53', '2017-11-15', '21:26:19', 27),
(490, '2017-11-15', '21:31:33', '2017-11-15', '21:31:33', 27),
(491, '2017-11-15', '21:32:07', '2017-11-15', '21:32:07', 27),
(492, '2017-11-15', '21:33:20', '2017-11-15', '21:33:20', 27),
(493, '2017-11-15', '21:33:44', '2017-11-15', '21:33:44', 27),
(494, '2017-11-15', '21:34:14', '2017-11-15', '21:34:14', 27),
(495, '2017-11-15', '21:35:09', '2017-11-15', '21:35:09', 27),
(496, '2017-11-15', '21:35:44', '2017-11-15', '21:35:44', 27),
(497, '2017-11-15', '21:36:15', '2017-11-15', '21:36:15', 27),
(498, '2017-11-15', '21:37:19', '2017-11-15', '21:37:19', 27),
(499, '2017-11-15', '21:39:04', '2017-11-15', '21:39:04', 27),
(500, '2017-11-15', '21:39:32', '2017-11-15', '21:39:48', 27),
(501, '2017-11-15', '21:40:20', '2017-11-15', '21:40:36', 27),
(502, '2017-11-15', '21:41:13', '2017-11-15', '21:41:21', 27),
(503, '2017-11-15', '21:41:27', '2017-11-15', '21:41:27', 27),
(504, '2017-11-15', '21:41:44', '2017-11-15', '21:41:44', 27),
(505, '2017-11-15', '21:42:02', '2017-11-15', '21:42:02', 27),
(506, '2017-11-15', '21:42:28', '2017-11-15', '21:42:28', 27),
(507, '2017-11-15', '21:42:47', '2017-11-15', '21:42:47', 27),
(508, '2017-11-15', '21:43:04', '2017-11-15', '21:43:11', 27),
(509, '2017-11-15', '22:05:11', '2017-11-15', '22:05:11', 27),
(510, '2017-11-15', '22:06:46', '2017-11-15', '22:07:00', 27),
(511, '2017-11-15', '22:07:33', '2017-11-15', '22:07:50', 27),
(512, '2017-11-15', '22:08:13', '2017-11-15', '22:08:28', 27),
(513, '2017-11-15', '23:27:32', '2017-11-15', '23:27:32', 27),
(514, '2017-11-15', '23:28:42', '2017-11-15', '23:28:42', 27),
(515, '2017-11-15', '23:37:56', '2017-11-15', '23:37:56', 27),
(516, '2017-11-15', '23:39:00', '2017-11-15', '23:39:00', 27),
(517, '2017-11-15', '23:45:14', '2017-11-15', '23:45:14', 27),
(518, '2017-11-15', '23:47:03', '2017-11-15', '23:48:00', 27),
(519, '2017-11-15', '23:55:47', '2017-11-15', '23:55:47', 27),
(520, '2017-11-16', '00:04:43', '2017-11-16', '00:04:43', 27),
(521, '2017-11-16', '00:05:49', '2017-11-16', '00:05:49', 27),
(522, '2017-11-16', '00:09:36', '2017-11-16', '00:10:06', 27),
(523, '2017-11-16', '00:11:54', '2017-11-16', '00:12:30', 27),
(524, '2017-11-16', '00:14:19', '2017-11-16', '00:14:19', 27),
(525, '2017-11-16', '00:15:06', '2017-11-16', '00:15:21', 27),
(526, '2017-11-16', '00:15:58', '2017-11-16', '00:15:58', 27),
(527, '2017-11-16', '00:17:47', '2017-11-16', '00:17:47', 27),
(528, '2017-11-16', '00:18:09', '2017-11-16', '00:18:41', 27),
(529, '2017-11-16', '00:22:07', '2017-11-16', '00:22:07', 27),
(530, '2017-11-16', '00:28:07', '2017-11-16', '00:29:30', 27),
(531, '2017-11-16', '00:29:53', '2017-11-16', '00:30:22', 27),
(532, '2017-11-16', '15:12:51', '2017-11-16', '15:12:51', 27),
(533, '2017-11-16', '15:36:31', '2017-11-16', '15:36:31', 27),
(534, '2017-11-16', '15:38:50', '2017-11-16', '15:38:50', 27),
(535, '2017-11-16', '15:43:29', '2017-11-16', '15:43:29', 27),
(536, '2017-11-16', '15:48:41', '2017-11-16', '15:48:41', 27),
(537, '2017-11-16', '15:50:18', '2017-11-16', '15:50:18', 27),
(538, '2017-11-16', '15:51:05', '2017-11-16', '15:51:05', 27),
(539, '2017-11-16', '15:51:29', '2017-11-16', '15:51:29', 27),
(540, '2017-11-16', '15:51:46', '2017-11-16', '15:51:46', 27),
(541, '2017-11-16', '15:52:39', '2017-11-16', '15:52:39', 27),
(542, '2017-11-16', '20:11:06', '2017-11-16', '20:12:46', 27),
(543, '2017-11-16', '20:13:10', '2017-11-16', '20:13:10', 27),
(544, '2017-11-16', '20:13:48', '2017-11-16', '20:13:48', 27),
(545, '2017-11-16', '20:14:49', '2017-11-16', '20:14:49', 27),
(546, '2017-11-16', '20:18:35', '2017-11-16', '20:18:35', 27),
(547, '2017-11-16', '20:24:14', '2017-11-16', '20:30:03', 27),
(548, '2017-11-16', '20:33:32', '2017-11-16', '20:35:02', 27),
(549, '2017-11-16', '20:48:54', '2017-11-16', '20:57:12', 27),
(550, '2017-11-16', '21:02:25', '2017-11-16', '21:03:53', 27),
(551, '2017-11-16', '21:06:09', '2017-11-16', '21:07:03', 27),
(552, '2017-11-16', '21:43:08', '2017-11-16', '21:43:33', 27),
(553, '2017-11-16', '21:51:01', '2017-11-16', '21:51:01', 27),
(554, '2017-11-16', '21:53:21', '2017-11-16', '21:53:31', 27),
(555, '2017-11-16', '21:53:51', '2017-11-16', '21:55:06', 27),
(556, '2017-11-16', '21:55:24', '2017-11-16', '21:55:33', 27),
(557, '2017-11-16', '21:58:58', '2017-11-16', '21:59:42', 27),
(558, '2017-11-16', '22:00:05', '2017-11-16', '22:00:27', 27),
(559, '2017-11-16', '22:00:43', '2017-11-16', '22:01:23', 27),
(560, '2017-11-16', '22:14:38', '2017-11-16', '22:15:48', 27),
(561, '2017-11-16', '22:24:37', '2017-11-16', '22:25:14', 27),
(562, '2017-11-16', '22:42:21', '2017-11-16', '22:42:44', 27),
(563, '2017-11-16', '22:43:39', '2017-11-16', '22:43:39', 27),
(564, '2017-11-16', '22:44:56', '2017-11-16', '22:45:36', 27),
(565, '2017-11-16', '22:52:30', '2017-11-16', '22:53:08', 27),
(566, '2017-11-16', '22:53:41', '2017-11-16', '22:53:52', 27),
(567, '2017-11-16', '22:54:02', '2017-11-16', '22:54:02', 27),
(568, '2017-11-16', '22:58:23', '2017-11-16', '22:58:55', 27),
(569, '2017-11-16', '23:01:47', '2017-11-16', '23:02:26', 27),
(570, '2017-11-16', '23:03:56', '2017-11-16', '23:04:08', 27),
(571, '2017-11-16', '23:04:48', '2017-11-16', '23:05:00', 27),
(572, '2017-11-16', '23:06:32', '2017-11-16', '23:07:11', 27),
(573, '2017-11-16', '23:07:47', '2017-11-16', '23:08:10', 27),
(574, '2017-11-16', '23:12:40', '2017-11-16', '23:13:11', 27),
(575, '2017-11-16', '23:13:56', '2017-11-16', '23:14:36', 27),
(576, '2017-11-16', '23:15:14', '2017-11-16', '23:15:36', 27),
(577, '2017-11-16', '23:17:00', '2017-11-16', '23:17:44', 27),
(578, '2017-11-16', '23:19:40', '2017-11-16', '23:20:17', 27),
(579, '2017-11-16', '23:20:29', '2017-11-16', '23:21:06', 27),
(580, '2017-11-16', '23:32:04', '2017-11-16', '23:32:09', 27),
(581, '2017-11-16', '23:32:22', '2017-11-16', '23:33:18', 27),
(582, '2017-11-16', '23:38:10', '2017-11-16', '23:39:03', 27),
(583, '2017-11-16', '23:39:54', '2017-11-16', '23:40:16', 27),
(584, '2017-11-16', '23:41:51', '2017-11-16', '23:42:16', 27),
(585, '2017-11-17', '13:57:11', '2017-11-17', '13:57:11', 27),
(586, '2017-11-17', '13:59:29', '2017-11-17', '14:00:56', 27),
(587, '2017-11-17', '23:24:50', '2017-11-17', '23:25:02', 27);

-- --------------------------------------------------------

--
-- Estructura de tabla para la tabla `test`
--

CREATE TABLE IF NOT EXISTS `test` (
  `date` date NOT NULL,
  `timestamp` timestamp NOT NULL DEFAULT CURRENT_TIMESTAMP ON UPDATE CURRENT_TIMESTAMP,
  `time` time NOT NULL
) ENGINE=InnoDB DEFAULT CHARSET=latin1;

--
-- Volcado de datos para la tabla `test`
--

INSERT INTO `test` (`date`, `timestamp`, `time`) VALUES
('2017-10-01', '2017-10-08 22:29:08', '05:25:23'),
('2017-10-25', '2017-10-25 04:30:00', '00:00:00'),
('2017-10-25', '2017-10-25 04:30:00', '00:00:00'),
('2017-10-25', '2017-10-25 04:30:00', '00:00:00'),
('2017-10-04', '2017-10-04 04:30:00', '00:00:00');

-- --------------------------------------------------------

--
-- Estructura de tabla para la tabla `tipo_usuario`
--

CREATE TABLE IF NOT EXISTS `tipo_usuario` (
  `id` int(11) NOT NULL AUTO_INCREMENT,
  `rol` varchar(30) NOT NULL,
  PRIMARY KEY (`id`)
) ENGINE=InnoDB  DEFAULT CHARSET=latin1 AUTO_INCREMENT=3 ;

--
-- Volcado de datos para la tabla `tipo_usuario`
--

INSERT INTO `tipo_usuario` (`id`, `rol`) VALUES
(1, 'ADMINISTRADOR'),
(2, 'USUARIO');

-- --------------------------------------------------------

--
-- Estructura de tabla para la tabla `transaccion`
--

CREATE TABLE IF NOT EXISTS `transaccion` (
  `id` int(20) NOT NULL AUTO_INCREMENT,
  `fecha` date NOT NULL,
  `unidad_educativa_id` int(11) NOT NULL,
  `estatus` int(11) NOT NULL COMMENT '1 es activo 0 es inactivo',
  PRIMARY KEY (`id`),
  KEY `unidad_educativa_id` (`unidad_educativa_id`)
) ENGINE=InnoDB  DEFAULT CHARSET=latin1 AUTO_INCREMENT=14 ;

--
-- Volcado de datos para la tabla `transaccion`
--

INSERT INTO `transaccion` (`id`, `fecha`, `unidad_educativa_id`, `estatus`) VALUES
(7, '2017-11-01', 1, 0),
(8, '2017-11-01', 3, 0),
(9, '2017-11-01', 13, 0),
(10, '2017-11-01', 13, 0),
(11, '2017-11-01', 1, 0),
(12, '2017-11-01', 1, 0),
(13, '2017-11-01', 1, 1);

-- --------------------------------------------------------

--
-- Estructura de tabla para la tabla `unidad_educativa`
--

CREATE TABLE IF NOT EXISTS `unidad_educativa` (
  `id` int(11) NOT NULL AUTO_INCREMENT,
  `codigo_dea` varchar(30) DEFAULT 'no disponible',
  `nombre` varchar(50) NOT NULL,
  `estatus` int(1) NOT NULL COMMENT 'activo es 1  inactivo 0',
  `designar` int(1) NOT NULL COMMENT 'si  es 1  no 0',
  PRIMARY KEY (`id`)
) ENGINE=InnoDB  DEFAULT CHARSET=latin1 AUTO_INCREMENT=14 ;

--
-- Volcado de datos para la tabla `unidad_educativa`
--

INSERT INTO `unidad_educativa` (`id`, `codigo_dea`, `nombre`, `estatus`, `designar`) VALUES
(1, 'NO DISPONIBLE', 'SIMONSITO', 1, 1),
(3, 'NO DISPONIBLE', 'UNI', 1, 0),
(13, '076FGFT6F7', 'SIMLOL', 1, 0);

-- --------------------------------------------------------

--
-- Estructura de tabla para la tabla `usuario`
--

CREATE TABLE IF NOT EXISTS `usuario` (
  `id` int(11) NOT NULL AUTO_INCREMENT,
  `usuario` varchar(20) NOT NULL,
  `cedula` int(10) NOT NULL,
  `nombre` varchar(20) NOT NULL,
  `apellido` varchar(20) NOT NULL,
  `clave` varchar(60) NOT NULL,
  `pregunta_secreta_id` int(11) NOT NULL,
  `tipo_usuario_id` int(11) NOT NULL,
  `respuesta_secreta` varchar(60) NOT NULL,
  `estatus` int(1) NOT NULL COMMENT 'activo es 1  inactivo 0',
  PRIMARY KEY (`id`),
  UNIQUE KEY `username` (`usuario`),
  KEY `pregunta_secreta_id` (`pregunta_secreta_id`),
  KEY `tipo_usuario_id` (`tipo_usuario_id`)
) ENGINE=InnoDB  DEFAULT CHARSET=latin1 AUTO_INCREMENT=32 ;

--
-- Volcado de datos para la tabla `usuario`
--

INSERT INTO `usuario` (`id`, `usuario`, `cedula`, `nombre`, `apellido`, `clave`, `pregunta_secreta_id`, `tipo_usuario_id`, `respuesta_secreta`, `estatus`) VALUES
(3, 'root2', 22, 'hhhhh', 'hhhhhhhh', 'ad8ec6349d3b0e75f5d5bbc03e9398cd', 2, 1, 'ad8ec6349d3b0e75f5d5bbc03e9398cd', 1),
(27, 'root', 20088808, 'michell', 'mastrolonard', 'ad8ec6349d3b0e75f5d5bbc03e9398cd', 1, 1, 'ad8ec6349d3b0e75f5d5bbc03e9398cd', 1),
(30, 'mich', 20088808, 'mich', 'mastro', '7f04a0607fd836be9b505a012608b1e9', 1, 2, '3611a9229fdb5a7a3899a3781b5b771b', 1),
(31, 'user', 87687, 'jhgjh', 'jhg', '71d04b039a7523ed76d687596a94fd94', 1, 2, '71d04b039a7523ed76d687596a94fd94', 1);

--
-- Restricciones para tablas volcadas
--

--
-- Filtros para la tabla `almacen`
--
ALTER TABLE `almacen`
  ADD CONSTRAINT `almacen_ibfk_1` FOREIGN KEY (`rubro_id`) REFERENCES `rubro` (`id`),
  ADD CONSTRAINT `almacen_ibfk_2` FOREIGN KEY (`rubro_id`) REFERENCES `rubro` (`id`),
  ADD CONSTRAINT `almacen_ibfk_3` FOREIGN KEY (`unidad_educativa_id`) REFERENCES `unidad_educativa` (`id`),
  ADD CONSTRAINT `almacen_ibfk_4` FOREIGN KEY (`unidad_educativa_id`) REFERENCES `unidad_educativa` (`id`),
  ADD CONSTRAINT `almacen_ibfk_5` FOREIGN KEY (`unidad_educativa_id`) REFERENCES `unidad_educativa` (`id`),
  ADD CONSTRAINT `almacen_ibfk_6` FOREIGN KEY (`unidad_educativa_id`) REFERENCES `unidad_educativa` (`id`);

--
-- Filtros para la tabla `auditoria`
--
ALTER TABLE `auditoria`
  ADD CONSTRAINT `auditoria_ibfk_1` FOREIGN KEY (`sesion_id`) REFERENCES `sesion` (`id`),
  ADD CONSTRAINT `auditoria_ibfk_2` FOREIGN KEY (`sesion_id`) REFERENCES `sesion` (`id`),
  ADD CONSTRAINT `auditoria_ibfk_3` FOREIGN KEY (`sesion_id`) REFERENCES `sesion` (`id`),
  ADD CONSTRAINT `auditoria_ibfk_4` FOREIGN KEY (`sesion_id`) REFERENCES `sesion` (`id`);

--
-- Filtros para la tabla `registro_rubro`
--
ALTER TABLE `registro_rubro`
  ADD CONSTRAINT `registro_rubro_ibfk_1` FOREIGN KEY (`transaccion_id`) REFERENCES `transaccion` (`id`),
  ADD CONSTRAINT `registro_rubro_ibfk_2` FOREIGN KEY (`rubro_id`) REFERENCES `rubro` (`id`);

--
-- Filtros para la tabla `sesion`
--
ALTER TABLE `sesion`
  ADD CONSTRAINT `sesion_ibfk_1` FOREIGN KEY (`usuario_id`) REFERENCES `usuario` (`id`),
  ADD CONSTRAINT `sesion_ibfk_2` FOREIGN KEY (`usuario_id`) REFERENCES `usuario` (`id`);

--
-- Filtros para la tabla `transaccion`
--
ALTER TABLE `transaccion`
  ADD CONSTRAINT `transaccion_ibfk_1` FOREIGN KEY (`unidad_educativa_id`) REFERENCES `unidad_educativa` (`id`);

--
-- Filtros para la tabla `usuario`
--
ALTER TABLE `usuario`
  ADD CONSTRAINT `usuario_ibfk_1` FOREIGN KEY (`pregunta_secreta_id`) REFERENCES `pregunta_s` (`id`),
  ADD CONSTRAINT `usuario_ibfk_2` FOREIGN KEY (`tipo_usuario_id`) REFERENCES `tipo_usuario` (`id`);

/*!40101 SET CHARACTER_SET_CLIENT=@OLD_CHARACTER_SET_CLIENT */;
/*!40101 SET CHARACTER_SET_RESULTS=@OLD_CHARACTER_SET_RESULTS */;
/*!40101 SET COLLATION_CONNECTION=@OLD_COLLATION_CONNECTION */;
